Movie_name,Release_year,Movie_rating,Movie_genre,Metascore,Movie_runtime,Director of movie
Wrong Turn,(2021),5.4,"Horror, Thriller",46,109 min,Mike P. Nelson
Willy's Wonderland,(2021),5.6,"Action, Comedy, Horror",42,88 min,Kevin Lewis
Red Dot,(2021),5.4,"Drama, Horror, Thriller",NA,86 min,Alain Darborg
Saint Maud,(2019),6.8,"Drama, Horror, Mystery",83,84 min,Rose Glass
Freaky,(2020),6.3,"Comedy, Horror, Thriller",66,102 min,Christopher Landon
Doctor Strange in the Multiverse of Madness,(2022),,"Action, Adventure, Fantasy",NA,,Sam Raimi
Midsommar,(2019),7.1,"Drama, Horror, Mystery",72,148 min,Ari Aster
Fear of Rain,(2021),5.9,"Drama, Horror, Thriller",NA,109 min,Castille Landon
The Little Stranger,(2018),5.5,"Drama, Horror, Mystery",67,111 min,Lenny Abrahamson
Army of the Dead,(2021),,"Action, Crime, Horror",NA,,Zack Snyder
Get Out,(I) (2017),7.7,"Horror, Mystery, Thriller",85,104 min,Jordan Peele
Synchronic,(2019),6.2,"Drama, Horror, Sci-Fi",63,102 min,Justin Benson
The Rental,(2020),5.7,"Drama, Horror, Mystery",62,88 min,Dave Franco
Shadow in the Cloud,(2020),4.8,"Action, Horror, War",66,83 min,Roseanne Liang
Don't Worry Darling,,,"Horror, Thriller",NA,,Olivia Wilde
Venom: Let There Be Carnage,(2021),,"Action, Horror, Sci-Fi",NA,,Andy Serkis
The Shining,(1980),8.4,"Drama, Horror",66,146 min,Stanley Kubrick
The VVitch: A New-England Folktale,(2015),6.9,"Drama, Horror, Mystery",83,92 min,Robert Eggers
Split,(IX) (2016),7.3,"Horror, Thriller",62,117 min,M. Night Shyamalan
Hereditary,(2018),7.3,"Drama, Horror, Mystery",87,127 min,Ari Aster
Wrong Turn,(I) (2003),6.1,"Horror, Thriller",32,84 min,Rob Schmidt
Antebellum,(2020),5.7,"Drama, Horror, Mystery",45,105 min,Gerard Bush
Possessor,(2020),6.5,"Horror, Sci-Fi, Thriller",72,103 min,Brandon Cronenberg
The New Mutants,(2020),5.3,"Action, Horror, Sci-Fi",43,94 min,Josh Boone
Doctor Sleep,(2019),7.3,"Drama, Fantasy, Horror",59,152 min,Mike Flanagan
The Invisible Man,(I) (2020),7.1,"Drama, Horror, Mystery",72,124 min,Leigh Whannell
The Meg,(2018),5.6,"Action, Horror, Sci-Fi",46,113 min,Jon Turteltaub
Alien,(1979),8.4,"Horror, Sci-Fi",89,117 min,Ridley Scott
The Lighthouse,(I) (2019),7.5,"Drama, Fantasy, Horror",83,109 min,Robert Eggers
Scream,(2022),,"Horror, Mystery, Thriller",NA,,Matt Bettinelli-Olpin
Run,(I) (2020),6.7,"Horror, Mystery, Thriller",67,90 min,Aneesh Chaganty
Porno,(2019),5.1,"Comedy, Horror",49,98 min,Keola Racela
The Hunt,(II) (2020),6.5,"Action, Horror, Thriller",50,90 min,Craig Zobel
Becky,(II) (2020),5.8,"Action, Crime, Drama",54,93 min,Jonathan Milott
It,(I) (2017),7.3,Horror,69,135 min,Andy Muschietti
Dark Water,(2005),5.6,"Drama, Horror, Mystery",52,105 min,Walter Salles
A Quiet Place Part II,(2020),,"Drama, Horror, Sci-Fi",NA,97 min,John Krasinski
A Quiet Place,(2018),7.5,"Drama, Horror, Sci-Fi",82,90 min,John Krasinski
The Witches,(2020),5.3,"Adventure, Comedy, Family",47,106 min,Robert Zemeckis
Resident Evil,(2021),,"Action, Horror, Mystery",NA,,Johannes Roberts
Us,(II) (2019),6.8,"Horror, Mystery, Thriller",81,116 min,Jordan Peele
Psycho Goreman,(2020),6.2,"Comedy, Horror, Sci-Fi",69,95 min,Steven Kostanski
The Empty Man,(2020),5.7,"Crime, Drama, Horror",NA,137 min,David Prior
From Dusk Till Dawn,(1996),7.2,"Action, Crime, Horror",48,108 min,Robert Rodriguez
The Platform,(2019),7.0,"Horror, Sci-Fi, Thriller",73,94 min,Galder Gaztelu-Urrutia
The Conjuring: The Devil Made Me Do It,(2021),,"Horror, Mystery, Thriller",NA,,Michael Chaves
Underwater,(2020),5.8,"Action, Horror, Sci-Fi",48,95 min,William Eubank
My Bloody Valentine,(2009),5.4,"Horror, Mystery, Thriller",51,101 min,Patrick Lussier
Sputnik,(2020),6.4,"Drama, Horror, Sci-Fi",61,113 min,Egor Abramenko
My Bloody Valentine,(1981),6.3,"Horror, Mystery, Thriller",46,90 min,George Mihalka
The Killing of a Sacred Deer,(2017),7.0,"Drama, Horror, Mystery",73,121 min,Yorgos Lanthimos
The Lie,(2018),5.8,"Crime, Drama, Horror",45,97 min,Veena Sud
Shaun of the Dead,(2004),7.9,"Comedy, Horror",76,99 min,Edgar Wright
Alien: Covenant,(2017),6.4,"Horror, Sci-Fi, Thriller",65,122 min,Ridley Scott
Vivarium,(2019),5.8,"Comedy, Horror, Mystery",64,97 min,Lorcan Finnegan
Spiral,(2021),,"Crime, Horror, Mystery",NA,,Darren Lynn Bousman
It Chapter Two,(2019),6.5,"Drama, Fantasy, Horror",58,169 min,Andy Muschietti
Psycho,(1960),8.5,"Horror, Mystery, Thriller",97,109 min,Alfred Hitchcock
Host,(II) (2020),6.6,"Horror, Mystery",73,57 min,Rob Savage
Morbius,(2022),,"Action, Adventure, Drama",NA,,Daniel Espinosa
Annihilation,(2018),6.8,"Adventure, Drama, Horror",79,115 min,Alex Garland
The Conjuring,(2013),7.5,"Horror, Mystery, Thriller",68,112 min,James Wan
No Escape,(2020),5.4,"Adventure, Horror, Mystery",NA,91 min,Will Wernick
The Thing,(1982),8.1,"Horror, Mystery, Sci-Fi",57,109 min,John Carpenter
I See You,(II) (2019),6.8,"Crime, Drama, Horror",65,98 min,Adam Randall
Bird Box,(2018),6.6,"Horror, Sci-Fi",51,124 min,Susanne Bier
The Cabin in the Woods,(2011),7.0,Horror,72,95 min,Drew Goddard
His House,(2020),6.5,"Drama, Horror, Thriller",72,93 min,Remi Weekes
Shook,(2021),4.1,Horror,53,88 min,Jennifer Harrington
Train to Busan,(2016),7.6,"Action, Horror, Thriller",72,118 min,Sang-ho Yeon
Hellboy,(2019),5.2,"Action, Adventure, Fantasy",31,120 min,Neil Marshall
The Dead Don't Die,(2019),5.5,"Comedy, Fantasy, Horror",53,104 min,Jim Jarmusch
Suspiria,(I) (2018),6.8,"Fantasy, Horror, Mystery",64,152 min,Luca Guadagnino
Tremors,(1990),7.1,"Comedy, Horror",65,96 min,Ron Underwood
Bram Stoker's Dracula,(1992),7.4,Horror,57,128 min,Francis Ford Coppola
Zombieland: Double Tap,(2019),6.7,"Action, Adventure, Comedy",55,99 min,Ruben Fleischer
Dawn of the Dead,(2004),7.3,"Action, Horror",59,101 min,Zack Snyder
World War Z,(2013),7.0,"Action, Adventure, Horror",63,116 min,Marc Forster
The Reckoning,(2020),4.6,"Action, Drama, History",36,110 min,Neil Marshall
Ready or Not,(I) (2019),6.8,"Action, Comedy, Horror",64,95 min,Matt Bettinelli-Olpin
The Endless,(I) (2017),6.5,"Drama, Fantasy, Horror",80,111 min,Justin Benson
The Invisible Man,(1933),7.7,"Horror, Sci-Fi",87,71 min,James Whale
Scream,(1996),7.3,"Horror, Mystery",65,111 min,Wes Craven
Fantasy Island,(2020),4.9,"Action, Adventure, Fantasy",22,109 min,Jeff Wadlow
Constantine,(2005),7.0,"Action, Fantasy, Horror",50,121 min,Francis Lawrence
"As Above, So Below",(2014),6.2,"Horror, Mystery, Thriller",38,93 min,John Erick Dowdle
Color Out of Space,(2019),6.2,"Horror, Mystery, Sci-Fi",70,111 min,Richard Stanley
Irreversible,(2002),7.4,"Crime, Drama, Horror",51,97 min,Gaspar Noé
Saw,(2004),7.6,"Horror, Mystery, Thriller",46,103 min,James Wan
Orphan,(2009),7.0,"Horror, Mystery, Thriller",42,123 min,Jaume Collet-Serra
The Wraith,(1986),6.0,"Action, Horror, Romance",39,93 min,Mike Marvin
The Call,(2020),7.1,"Crime, Horror, Mystery",NA,112 min,Chung-Hyun Lee
Resident Evil,(2002),6.7,"Action, Horror, Sci-Fi",33,100 min,Paul W.S. Anderson
Last Night in Soho,(2021),,"Drama, Horror, Thriller",NA,,Edgar Wright
"Salò, or the 120 Days of Sodom",(1975),5.9,"Drama, Horror",NA,117 min,Pier Paolo Pasolini
Escape Room,(I) (2019),6.4,"Action, Adventure, Horror",48,99 min,Adam Robitel
The Lodge,(2019),6.1,"Drama, Horror, Thriller",64,108 min,Severin Fiala
The Others,(2001),7.6,"Horror, Mystery, Thriller",74,104 min,Alejandro Amenábar
A Serbian Film,(2010),5.0,"Horror, Mystery, Thriller",NA,104 min,Srdjan Spasojevic
You're Next,(2011),6.6,"Action, Crime, Horror",66,95 min,Adam Wingard
Legion,(2010),5.3,"Action, Fantasy, Horror",32,100 min,Scott Stewart
Jennifer's Body,(2009),5.2,"Comedy, Horror",47,102 min,Karyn Kusama
The Girl Next Door,(2007),6.6,"Crime, Drama, Horror",29,91 min,Gregory Wilson
Mother!,(2017),6.6,"Drama, Horror, Mystery",75,121 min,Darren Aronofsky
School's Out Forever,(2021),5.4,"Comedy, Drama, Horror",NA,105 min,Oliver Milburn
Cloverfield,(2008),7.0,"Action, Horror, Sci-Fi",64,85 min,Matt Reeves
The Lost Boys,(1987),7.3,"Comedy, Horror",63,97 min,Joel Schumacher
Martyrs,(2008),7.1,Horror,NA,99 min,Pascal Laugier
10 Cloverfield Lane,(2016),7.2,"Action, Drama, Horror",76,103 min,Dan Trachtenberg
Shin Godzilla,(2016),6.8,"Action, Adventure, Drama",67,120 min,Hideaki Anno
Halloween Kills,(2021),,"Horror, Thriller",NA,,David Gordon Green
The Love Witch,(2016),6.2,"Comedy, Horror, Romance",82,120 min,Anna Biller
The Exorcist--The Version You've Never Seen Before,(1973),8.0,Horror,81,122 min,William Friedkin
Valentine,(2001),4.9,"Horror, Mystery, Thriller",18,96 min,Jamie Blanks
Gerald's Game,(2017),6.5,"Drama, Horror, Thriller",77,103 min,Mike Flanagan
Dracula Untold,(2014),6.3,"Action, Drama, Fantasy",40,92 min,Gary Shore
The Neon Demon,(2016),6.2,"Horror, Thriller",51,117 min,Nicolas Winding Refn
The Dark Tower,(2017),5.6,"Action, Adventure, Fantasy",34,95 min,Nikolaj Arcel
Sator,(2019),5.1,Horror,82,85 min,Jordan Graham
Climax,(I) (2018),7.0,"Drama, Horror, Music",67,97 min,Gaspar Noé
I Spit on Your Grave,(2010),6.3,"Horror, Thriller",27,108 min,Steven R. Monroe
The Craft: Legacy,(2020),4.4,"Drama, Fantasy, Horror",54,97 min,Zoe Lister-Jones
The House That Jack Built,(2018),6.8,"Crime, Drama, Horror",42,152 min,Lars von Trier
Gretel & Hansel,(2020),5.4,"Fantasy, Horror, Mystery",64,87 min,Oz Perkins
Manhunter,(1986),7.2,"Crime, Horror, Mystery",75,120 min,Michael Mann
Overlord,(2018),6.6,"Action, Adventure, Horror",60,110 min,Julius Avery
Blade,(1998),7.1,"Action, Horror, Sci-Fi",45,120 min,Stephen Norrington
28 Days Later...,(2002),7.6,"Drama, Horror, Sci-Fi",73,113 min,Danny Boyle
What We Do in the Shadows,(2014),7.7,"Comedy, Horror",76,86 min,Jemaine Clement
Carrie,(1976),7.4,Horror,85,98 min,Brian De Palma
Don't Breathe,(2016),7.1,"Crime, Horror, Thriller",71,88 min,Fede Alvarez
Come Play,(2020),5.7,"Drama, Horror, Mystery",58,96 min,Jacob Chase
Hostel,(2005),5.9,Horror,55,94 min,Eli Roth
Brightburn,(2019),6.1,"Drama, Horror, Mystery",44,90 min,David Yarovesky
Bloody Hell,(2020),6.6,"Action, Horror, Mystery",52,93 min,Alister Grierson
The Dark and the Wicked,(2020),6.1,Horror,72,95 min,Bryan Bertino
The Green Knight,(2021),,"Drama, Fantasy, Horror",NA,125 min,David Lowery
Rosemary's Baby,(1968),8.0,"Drama, Horror",96,137 min,Roman Polanski
The Ring,(2002),7.1,"Horror, Mystery",57,115 min,Gore Verbinski
Pride and Prejudice and Zombies,(2016),5.8,"Action, Comedy, Fantasy",45,108 min,Burr Steers
They Live,(1988),7.3,"Action, Horror, Sci-Fi",55,94 min,John Carpenter
Maximum Overdrive,(1986),5.5,"Action, Comedy, Horror",24,98 min,Stephen King
The Babysitter: Killer Queen,(2020),5.8,"Comedy, Horror",22,101 min,McG
It Follows,(2014),6.8,"Horror, Mystery, Thriller",83,100 min,David Robert Mitchell
The Mist,(2007),7.1,"Horror, Sci-Fi, Thriller",58,126 min,Frank Darabont
Sleepy Hollow,(1999),7.3,"Fantasy, Horror, Mystery",65,105 min,Tim Burton
Gremlins,(1984),7.3,"Comedy, Fantasy, Horror",70,106 min,Joe Dante
Bone Tomahawk,(2015),7.1,"Drama, Horror, Western",72,132 min,S. Craig Zahler
Under the Skin,(I) (2013),6.3,"Drama, Horror, Sci-Fi",80,108 min,Jonathan Glazer
A Nightmare on Elm Street,(1984),7.5,Horror,76,91 min,Wes Craven
Train to Busan Presents: Peninsula,(2020),5.5,"Action, Horror, Thriller",51,116 min,Sang-ho Yeon
Coherence,(2013),7.2,"Drama, Horror, Mystery",65,89 min,James Ward Byrkit
Hellraiser,(1987),7.0,"Horror, Thriller",57,94 min,Clive Barker
Death of Me,(2020),4.4,"Horror, Mystery, Thriller",31,94 min,Darren Lynn Bousman
The Blair Witch Project,(1999),6.5,"Horror, Mystery",81,81 min,Daniel Myrick
Vampire Academy,(2014),5.5,"Action, Comedy, Drama",31,104 min,Mark Waters
Zombieland,(2009),7.6,"Adventure, Comedy, Fantasy",73,88 min,Ruben Fleischer
Insidious,(I) (2010),6.8,"Horror, Mystery, Thriller",52,103 min,James Wan
The Babysitter,(I) (2017),6.3,"Comedy, Horror",NA,85 min,McG
The Hills Have Eyes,(2006),6.4,"Action, Adventure, Horror",52,107 min,Alexandre Aja
Event Horizon,(1997),6.7,"Horror, Sci-Fi, Thriller",35,96 min,Paul W.S. Anderson
A Cure for Wellness,(2016),6.4,"Drama, Fantasy, Horror",47,146 min,Gore Verbinski
Anything for Jackson,(2020),6.4,Horror,NA,97 min,Justin G. Dyck
Life,(I) (2017),6.6,"Horror, Sci-Fi, Thriller",54,104 min,Daniel Espinosa
Interview With the Vampire: The Vampire Chronicles,(1994),7.5,"Drama, Horror",59,123 min,Neil Jordan
Alien³,(1992),6.5,"Action, Horror, Sci-Fi",59,114 min,David Fincher
Relic,(2020),6.0,"Drama, Horror, Mystery",77,89 min,Natalie Erika James
Attack on Titan Part 1,(2015),5.0,"Action, Adventure, Drama",NA,98 min,Shinji Higuchi
The Fly,(1986),7.6,"Drama, Horror, Sci-Fi",79,96 min,David Cronenberg
Sinister,(I) (2012),6.8,"Horror, Mystery, Thriller",53,110 min,Scott Derrickson
Villains,(I) (2019),6.2,"Comedy, Drama, Horror",63,90 min,Dan Berk
The Visit,(I) (2015),6.2,"Horror, Mystery, Thriller",55,94 min,M. Night Shyamalan
Crimson Peak,(2015),6.5,"Drama, Fantasy, Horror",66,119 min,Guillermo del Toro
Halloween,(1978),7.7,"Horror, Thriller",87,91 min,John Carpenter
Butchers,(2020),4.4,Horror,NA,92 min,Adrian Langley
Alien Resurrection,(1997),6.2,"Action, Horror, Sci-Fi",63,109 min,Jean-Pierre Jeunet
Case 39,(2009),6.2,"Horror, Mystery, Thriller",25,109 min,Christian Alvart
The Mummy: Tomb of The Dragon Emperor,(2008),5.2,"Action, Adventure, Fantasy",31,112 min,Rob Cohen
Bad Samaritan,(2018),6.5,"Crime, Horror, Thriller",42,110 min,Dean Devlin
The Mortal Instruments: City of Bones,(2013),5.9,"Action, Adventure, Fantasy",33,130 min,Harald Zwart
The Nun,(2018),5.3,"Horror, Mystery, Thriller",46,96 min,Corin Hardy
The Mortuary Collection,(2019),6.5,"Fantasy, Horror",67,108 min,Ryan Spindell
Cannibal Holocaust,(1980),5.9,"Adventure, Horror",22,95 min,Ruggero Deodato
Tusk,(I) (2014),5.3,"Comedy, Drama, Horror",55,102 min,Kevin Smith
Antichrist,(2009),6.6,"Drama, Horror, Thriller",49,108 min,Lars von Trier
Candyman,(2021),,"Horror, Thriller",NA,,Nia DaCosta
La Llorona,(2019),6.6,"Crime, Drama, Horror",79,97 min,Jayro Bustamante
The Conjuring 2,(2016),7.3,"Horror, Mystery, Thriller",65,134 min,James Wan
Evil Dead,(1981),7.5,Horror,71,85 min,Sam Raimi
Only Lovers Left Alive,(2013),7.3,"Comedy, Drama, Fantasy",79,123 min,Jim Jarmusch
Carrie,(2013),5.9,"Drama, Horror",53,100 min,Kimberly Peirce
Dark Shadows,(2012),6.2,"Comedy, Fantasy, Horror",55,113 min,Tim Burton
Hunter Hunter,(2020),6.4,"Horror, Thriller",61,93 min,Shawn Linden
The Ritual,(I) (2017),6.3,"Horror, Mystery, Thriller",57,94 min,David Bruckner
Friday the 13th,(2009),5.5,"Horror, Mystery, Thriller",34,97 min,Marcus Nispel
The Descent,(2005),7.2,"Adventure, Horror, Thriller",71,99 min,Neil Marshall
Assassination Nation,(2018),5.9,"Action, Comedy, Crime",56,108 min,Sam Levinson
The Vigil,(2019),5.6,"Horror, Mystery, Thriller",67,89 min,Keith Thomas
The Wolf of Snow Hollow,(2020),6.2,"Comedy, Horror, Thriller",67,83 min,Jim Cummings
I Know What You Did Last Summer,(1997),5.7,"Horror, Mystery",52,101 min,Jim Gillespie
Death Note,(I) (2017),4.5,"Action, Crime, Drama",43,101 min,Adam Wingard
The Green Inferno,(2013),5.3,"Adventure, Horror",38,100 min,Eli Roth
The Faculty,(1998),6.5,"Horror, Sci-Fi",61,104 min,Robert Rodriguez
Prisoners of the Ghostland,(2021),6.3,"Action, Horror, Thriller",54,100 min,Sion Sono
An American Werewolf in London,(1981),7.5,"Comedy, Horror",55,97 min,John Landis
Random Acts of Violence,(2019),5.2,"Drama, Horror, Thriller",39,80 min,Jay Baruchel
Death Becomes Her,(1992),6.6,"Comedy, Fantasy, Horror",56,104 min,Robert Zemeckis
Angel Heart,(1987),7.3,"Horror, Mystery, Thriller",61,113 min,Alan Parker
Monsters of Man,(2020),5.3,"Action, Horror, Sci-Fi",NA,131 min,Mark Toia
Apostle,(2018),6.3,"Drama, Fantasy, Horror",62,130 min,Gareth Evans
I Saw the Devil,(2010),7.8,"Action, Crime, Drama",67,144 min,Jee-woon Kim
Hush,(I) (2016),6.6,"Horror, Thriller",67,82 min,Mike Flanagan
Crawl,(I) (2019),6.1,"Action, Horror, Thriller",60,87 min,Alexandre Aja
Sweeney Todd: The Demon Barber of Fleet Street,(2007),7.3,"Drama, Horror, Musical",83,116 min,Tim Burton
Cold Skin,(2017),6.0,"Action, Adventure, Fantasy",NA,108 min,Xavier Gens
Jaws 2,(1978),5.8,"Adventure, Horror, Thriller",51,116 min,Jeannot Szwarc
#Alive,(2020),6.2,"Action, Drama, Horror",NA,98 min,Il Cho
Final Destination,(2000),6.7,"Horror, Thriller",36,98 min,James Wong
Slaughterhouse Rulez,(2018),5.3,"Action, Comedy, Fantasy",39,104 min,Crispian Mills
Black Box,(II) (2020),6.2,"Horror, Mystery, Sci-Fi",62,100 min,Emmanuel Osei-Kuffour
Resident Evil: The Final Chapter,(2016),5.5,"Action, Horror, Sci-Fi",49,107 min,Paul W.S. Anderson
Blade: Trinity,(2004),5.9,"Action, Adventure, Fantasy",38,113 min,David S. Goyer
My Friend Dahmer,(2017),6.2,"Biography, Drama, Horror",68,107 min,Marc Meyers
Annabelle Comes Home,(2019),5.9,"Horror, Mystery, Thriller",53,106 min,Gary Dauberman
Eraserhead,(1977),7.4,"Fantasy, Horror",87,89 min,David Lynch
The Call,(II) (2013),6.7,"Crime, Drama, Horror",51,94 min,Brad Anderson
Silent Hill,(2006),6.5,"Action, Adventure, Fantasy",31,125 min,Christophe Gans
The Craft,(1996),6.4,"Drama, Fantasy, Horror",55,101 min,Andrew Fleming
Alien vs. Predator,(2004),5.6,"Action, Adventure, Horror",29,101 min,Paul W.S. Anderson
The Addams Family,(2019),5.8,"Animation, Comedy, Family",46,86 min,Greg Tiernan
The Purge,(I) (2013),5.7,"Horror, Sci-Fi, Thriller",41,85 min,James DeMonaco
Rogue,(I) (2020),3.9,"Action, Horror, Thriller",NA,105 min,M.J. Bassett
The Birds,(1963),7.7,"Drama, Horror, Mystery",90,119 min,Alfred Hitchcock
Jacob's Ladder,(I) (1990),7.5,"Drama, Horror, Mystery",62,113 min,Adrian Lyne
Antlers,(2021),,"Horror, Mystery",NA,99 min,Scott Cooper
Revenge,(II) (2017),6.4,"Action, Horror, Thriller",81,108 min,Coralie Fargeat
The Babadook,(2014),6.8,"Drama, Horror, Mystery",86,94 min,Jennifer Kent
Blade II,(2002),6.7,"Action, Fantasy, Horror",52,117 min,Guillermo del Toro
Don't Listen,(2020),6.1,"Drama, Horror, Mystery",NA,97 min,Ángel Gómez Hernández
The Skin I Live In,(2011),7.6,"Drama, Horror, Thriller",70,120 min,Pedro Almodóvar
The Silence,(II) (2019),5.3,"Drama, Horror, Sci-Fi",25,90 min,John R. Leonetti
Scouts Guide to the Zombie Apocalypse,(2015),6.3,"Action, Comedy, Horror",32,93 min,Christopher Landon
It Comes at Night,(2017),6.2,"Horror, Mystery, Sci-Fi",78,91 min,Trey Edward Shults
Jeepers Creepers,(2001),6.2,"Horror, Mystery",49,90 min,Victor Salva
Hellboy,(2004),6.8,"Action, Fantasy, Horror",72,122 min,Guillermo del Toro
High Life,(2018),5.8,"Adventure, Drama, Horror",77,113 min,Claire Denis
King Kong,(1976),5.9,"Adventure, Horror",61,134 min,John Guillermin
Happy Death Day,(2017),6.6,"Comedy, Horror, Mystery",58,96 min,Christopher Landon
The Shallows,(2016),6.3,"Action, Drama, Horror",59,86 min,Jaume Collet-Serra
The Last House on the Left,(2009),6.5,"Horror, Thriller",42,110 min,Dennis Iliadis
Scary Stories to Tell in the Dark,(2019),6.2,"Adventure, Horror, Mystery",61,108 min,André Øvredal
Little Shop of Horrors,(1986),7.0,"Comedy, Horror, Musical",81,94 min,Frank Oz
Thirteen Ghosts,(2001),5.6,"Fantasy, Horror",30,91 min,Steve Beck
1922,(2017),6.3,"Crime, Drama, Horror",70,102 min,Zak Hilditch
The Forever Purge,(2021),,"Action, Horror, Sci-Fi",NA,,Everardo Gout
Predator 2,(1990),6.3,"Action, Horror, Sci-Fi",46,108 min,Stephen Hopkins
You Should Have Left,(2020),5.4,"Drama, Horror, Mystery",46,93 min,David Koepp
Lights Out,(II) (2016),6.3,"Drama, Horror, Mystery",58,81 min,David F. Sandberg
Pitch Black,(2000),7.1,"Action, Horror, Sci-Fi",49,109 min,David Twohy
Splice,(2009),5.7,"Drama, Horror, Sci-Fi",66,104 min,Vincenzo Natali
The Thing,(I) (2011),6.2,"Horror, Mystery, Sci-Fi",49,103 min,Matthijs van Heijningen Jr.
Possession,(1981),7.4,"Drama, Horror",72,124 min,Andrzej Zulawski
Christine,(1983),6.7,"Horror, Thriller",57,110 min,John Carpenter
The Covenant,(2006),5.3,"Action, Adventure, Fantasy",19,97 min,Renny Harlin
The Texas Chainsaw Massacre,(1974),7.5,Horror,78,83 min,Tobe Hooper
Twin Peaks: Fire Walk with Me,(1992),7.3,"Drama, Horror, Mystery",45,134 min,David Lynch
Halloween,(I) (2018),6.5,"Crime, Horror, Thriller",67,106 min,David Gordon Green
The Cell,(2000),6.4,"Horror, Sci-Fi, Thriller",40,107 min,Tarsem Singh
The Curse of La Llorona,(2019),5.3,"Horror, Mystery, Thriller",41,93 min,Michael Chaves
Human Centipede,(2009),4.4,Horror,33,92 min,Tom Six
Poltergeist,(1982),7.3,"Horror, Thriller",79,114 min,Tobe Hooper
Five Nights at Freddy's,,,"Horror, Sci-Fi, Thriller",NA,,Chris Columbus
Buffy the Vampire Slayer,(1992),5.7,"Action, Comedy, Fantasy",48,86 min,Fran Rubel Kuzui
Let the Right One In,(2008),7.9,"Crime, Drama, Fantasy",82,114 min,Tomas Alfredson
Species,(1995),5.8,"Action, Horror, Sci-Fi",49,108 min,Roger Donaldson
The Turning,(2020),3.8,"Drama, Horror, Mystery",35,94 min,Floria Sigismondi
Megan Is Missing,(2011),4.6,"Drama, Horror, Thriller",NA,85 min,Michael Goi
Devil,(2010),6.2,"Horror, Mystery, Thriller",44,80 min,John Erick Dowdle
Doom,(2005),5.2,"Action, Horror, Sci-Fi",34,105 min,Andrzej Bartkowiak
From Hell,(2001),6.8,"Horror, Mystery, Thriller",54,122 min,Albert Hughes
Aquaslash,(2019),4.4,Horror,NA,71 min,Renaud Gauthier
The Wailing,(2016),7.5,"Horror, Mystery, Thriller",81,156 min,Hong-jin Na
Marrowbone,(2017),6.7,"Drama, Horror, Mystery",63,110 min,Sergio G. Sánchez
The Witches of Eastwick,(1987),6.6,"Comedy, Fantasy, Horror",67,118 min,George Miller
Resident Evil: Apocalypse,(2004),6.2,"Action, Horror, Sci-Fi",35,94 min,Alexander Witt
Evil Dead,(2013),6.5,"Action, Adventure, Fantasy",57,91 min,Fede Alvarez
Warm Bodies,(2013),6.8,"Comedy, Horror, Romance",60,98 min,Jonathan Levine
Piranha 3D,(2010),5.4,"Comedy, Fantasy, Horror",53,88 min,Alexandre Aja
Ghosts of War,(2020),5.5,"Horror, Thriller, War",38,94 min,Eric Bress
Green Room,(2015),7.0,"Horror, Thriller",79,95 min,Jeremy Saulnier
Naboer,(2005),6.5,"Horror, Mystery, Thriller",NA,75 min,Pål Sletaune
The Host,(2006),7.1,"Action, Drama, Horror",85,120 min,Bong Joon Ho
The Strangers,(2008),6.2,"Horror, Thriller",47,86 min,Bryan Bertino
Velvet Buzzsaw,(2019),5.7,"Horror, Mystery, Thriller",61,113 min,Dan Gilroy
30 Days of Night,(2007),6.6,"Action, Horror, Thriller",53,113 min,David Slade
The Witches,(1990),6.9,"Adventure, Comedy, Family",78,91 min,Nicolas Roeg
Would You Rather,(2012),5.7,"Horror, Thriller",20,93 min,David Guy Levy
Eden Lake,(2008),6.8,"Horror, Thriller",65,91 min,James Watkins
Underworld: Blood Wars,(2016),5.8,"Action, Adventure, Fantasy",23,91 min,Anna Foerster
The Amityville Horror,(2005),6.0,Horror,33,90 min,Andrew Douglas
The Bad Batch,(2016),5.3,"Drama, Horror, Romance",62,118 min,Ana Lily Amirpour
Aliens vs. Predator: Requiem,(2007),4.7,"Action, Adventure, Fantasy",29,94 min,Colin Strause
The Cloverfield Paradox,(2018),5.5,"Action, Horror, Sci-Fi",37,102 min,Julius Onah
House at the End of the Street,(2012),5.6,"Drama, Horror, Thriller",31,101 min,Mark Tonderai
Come True,(2020),6.8,"Horror, Sci-Fi",NA,105 min,Anthony Scott Burns
Let Me In,(I) (2010),7.1,"Drama, Fantasy, Horror",79,116 min,Matt Reeves
Sacrifice,(VII) (2020),4.6,"Horror, Mystery, Thriller",NA,87 min,Andy Collier
Spell,(2020),5.5,"Horror, Thriller",38,91 min,Mark Tonderai
Friday the 13th,(1980),6.5,"Horror, Mystery, Thriller",22,95 min,Sean S. Cunningham
Countdown,(III) (2019),5.4,"Horror, Thriller",31,90 min,Justin Dec
Grindhouse,(2007),7.5,"Action, Horror, Thriller",77,191 min,Robert Rodriguez
The Autopsy of Jane Doe,(2016),6.8,"Horror, Mystery, Thriller",65,86 min,André Øvredal
47 Meters Down: Uncaged,(2019),5.0,"Adventure, Drama, Horror",43,90 min,Johannes Roberts
Return to Oz,(1985),6.8,"Adventure, Family, Fantasy",42,113 min,Walter Murch
In Fabric,(2018),6.2,"Comedy, Fantasy, Horror",81,118 min,Peter Strickland
Hell Fest,(2018),5.5,"Horror, Thriller",26,89 min,Gregory Plotkin
The Gift,(2000),6.6,"Drama, Fantasy, Horror",62,111 min,Sam Raimi
1408,(2007),6.8,"Fantasy, Horror, Mystery",64,104 min,Mikael Håfström
House of Wax,(2005),5.3,"Horror, Thriller",41,113 min,Jaume Collet-Serra
Gothika,(2003),5.8,"Horror, Mystery, Thriller",38,98 min,Mathieu Kassovitz
Piranha,(1978),5.9,"Comedy, Horror, Sci-Fi",71,94 min,Joe Dante
Pet Sematary,(1989),6.6,"Fantasy, Horror, Thriller",38,103 min,Mary Lambert
The Wretched,(2019),5.8,"Horror, Mystery",61,95 min,Brett Pierce
Planet Terror,(2007),7.1,"Action, Adventure, Comedy",NA,105 min,Robert Rodriguez
The Texas Chainsaw Massacre,(2003),6.2,"Crime, Horror",38,98 min,Marcus Nispel
Jaws: The Revenge,(1987),3.0,"Adventure, Horror, Thriller",15,89 min,Joseph Sargent
Priest,(2011),5.7,"Action, Horror, Thriller",41,87 min,Scott Stewart
Once Bitten,(1985),5.6,"Comedy, Drama, Fantasy",64,94 min,Howard Storm
Suspiria,(1977),7.4,Horror,79,92 min,Dario Argento
The Perfection,(2018),6.1,"Drama, Horror, Music",60,90 min,Richard Shepard
Paranormal Activity,(2007),6.3,"Horror, Mystery",68,86 min,Oren Peli
Funny Games,(2007),6.6,"Crime, Drama, Horror",44,111 min,Michael Haneke
Army of Darkness,(1992),7.5,"Comedy, Fantasy, Horror",59,81 min,Sam Raimi
Scream 4,(2011),6.1,"Horror, Mystery",52,111 min,Wes Craven
Candyman,(1992),6.6,"Horror, Thriller",61,99 min,Bernard Rose
The Room,(2019),6.0,"Drama, Horror, Mystery",NA,100 min,Christian Volckman
The VelociPastor,(2018),5.1,"Action, Adventure, Comedy",NA,75 min,Brendan Steere
Texas Chainsaw,(2013),4.8,"Horror, Thriller",NA,92 min,John Luessenhop
The Grudge,(2020),4.3,"Fantasy, Horror, Mystery",41,94 min,Nicolas Pesce
The Return of the Living Dead,(1985),7.3,"Comedy, Horror, Sci-Fi",66,91 min,Dan O'Bannon
The Fog,(1980),6.8,"Horror, Thriller",55,89 min,John Carpenter
Annabelle: Creation,(2017),6.5,"Horror, Mystery, Thriller",62,109 min,David F. Sandberg
Slither,(2006),6.5,"Comedy, Horror, Sci-Fi",69,95 min,James Gunn
SAW 2,(2005),6.6,"Horror, Mystery",40,93 min,Darren Lynn Bousman
The Owners,(2020),4.8,"Action, Horror, Thriller",54,92 min,Julius Berg
Pandorum,(2009),6.7,"Action, Horror, Mystery",28,108 min,Christian Alvart
Fright Night,(2011),6.4,"Comedy, Horror",64,106 min,Craig Gillespie
Annabelle,(I) (2014),5.4,"Horror, Mystery, Thriller",37,99 min,John R. Leonetti
Deliver Us from Evil,(I) (2014),6.2,"Action, Adventure, Biography",40,118 min,Scott Derrickson
Attack on Titan: Chronicle,(2020),8.1,"Animation, Action, Adventure",NA,122 min,Masashi Koizuka
Trauma,(II) (2017),5.2,"Action, Drama, Horror",NA,106 min,Lucio A. Rojas
The Monster Squad,(1987),7.1,"Action, Comedy, Fantasy",61,79 min,Fred Dekker
Creep,(I) (2014),6.3,"Horror, Thriller",74,77 min,Patrick Brice
Scooby-Doo 2: Monsters Unleashed,(2004),5.1,"Adventure, Comedy, Family",34,93 min,Raja Gosnell
Lake Placid,(1999),5.7,"Action, Comedy, Horror",34,82 min,Steve Miner
Black Death,(2010),6.4,"Action, Adventure, Drama",71,102 min,Christopher Smith
What Lies Beneath,(2000),6.6,"Drama, Horror, Mystery",51,130 min,Robert Zemeckis
The Crazies,(2010),6.5,"Adventure, Fantasy, Horror",56,101 min,Breck Eisner
Hollow Man,(2000),5.8,"Action, Horror, Sci-Fi",24,112 min,Paul Verhoeven
Haunt,(I) (2019),6.3,"Horror, Thriller",69,92 min,Scott Beck
Morgan,(2016),5.8,"Action, Horror, Sci-Fi",48,92 min,Luke Scott
28 Weeks Later,(2007),7.0,"Drama, Horror, Sci-Fi",78,100 min,Juan Carlos Fresnadillo
Circle,(II) (2015),6.0,"Drama, Horror, Mystery",NA,87 min,Aaron Hann
Jigsaw,(I) (2017),5.8,"Crime, Horror, Mystery",39,92 min,Michael Spierig
Pi,(1998),7.4,"Drama, Horror, Mystery",72,84 min,Darren Aronofsky
In the Tall Grass,(2019),5.4,"Horror, Mystery, Thriller",46,101 min,Vincenzo Natali
Roohi,(2021),,"Comedy, Horror",NA,,Hardik Mehta
Hostel: Part II,(2007),5.5,"Horror, Thriller",46,94 min,Eli Roth
Gremlins 2: The New Batch,(1990),6.4,"Comedy, Fantasy, Horror",69,106 min,Joe Dante
The Haunting in Connecticut,(2009),5.9,"Drama, Horror, Mystery",33,92 min,Peter Cornwell
Forgotten,(2017),7.4,"Horror, Mystery, Thriller",NA,108 min,Hang-jun Jang
The Island of Dr. Moreau,(1996),4.6,"Horror, Sci-Fi, Thriller",NA,96 min,John Frankenheimer
Drag Me to Hell,(2009),6.5,Horror,83,99 min,Sam Raimi
The Omen,(1976),7.5,Horror,62,111 min,Richard Donner
Spring,(I) (2014),6.7,"Horror, Romance, Sci-Fi",70,109 min,Justin Benson
The People Under the Stairs,(1991),6.4,"Comedy, Horror, Mystery",57,102 min,Wes Craven
Freddy vs. Jason,(2003),5.7,"Action, Horror",37,97 min,Ronny Yu
Don't Let Go,(2019),6.3,"Drama, Horror, Mystery",49,103 min,Jacob Estes
Nightbreed,(1990),6.6,"Action, Fantasy, Horror",40,102 min,Clive Barker
Blumhouse's Truth Or Dare,(I) (2018),5.2,"Horror, Thriller",35,100 min,Jeff Wadlow
PIRANHA 3DD,(2012),3.7,"Comedy, Horror",24,83 min,John Gulager
Hellboy II: The Golden Army,(2008),7.0,"Action, Adventure, Fantasy",78,120 min,Guillermo del Toro
Child's Play,(2019),5.8,"Drama, Horror, Sci-Fi",48,90 min,Lars Klevberg
John Wick: Chapter 4,(2022),,"Action, Crime, Horror",NA,,Chad Stahelski
The Boy,(2016),6.0,"Horror, Mystery, Thriller",42,97 min,William Brent Bell
King Kong,(1933),7.9,"Adventure, Horror, Sci-Fi",90,100 min,Merian C. Cooper
Scream 2,(1997),6.2,"Horror, Mystery",63,120 min,Wes Craven
No Reasons,(2021),3.5,"Drama, Horror, Thriller",NA,131 min,Spencer Hawken
Ghost Ship,(2002),5.5,Horror,28,91 min,Steve Beck
Eli,(I) (2019),5.7,"Drama, Horror, Mystery",NA,98 min,Ciarán Foy
DEAD ZONE,(1983),7.2,"Drama, Horror, Sci-Fi",69,103 min,David Cronenberg
1BR,(2019),5.8,"Drama, Horror, Thriller",56,90 min,David Marmor
Bacurau,(2019),7.4,"Adventure, Horror, Mystery",82,131 min,Juliano Dornelles
Malignant,(I) (2021),,Horror,NA,,James Wan
Nurse 3D,(2013),4.5,"Horror, Thriller",29,84 min,Douglas Aarniokoski
Blade,,,"Action, Adventure, Fantasy",NA,,Rob Zombie
House of 1000 Corpses,(2003),6.1,Horror,31,89 min,James Watkins
The Woman in Black,(2012),6.4,"Drama, Fantasy, Horror",62,95 min,Kevin Kölsch
Pet Sematary,(2019),5.7,"Horror, Mystery, Thriller",57,101 min,Robin Hardy
The Wicker Man,(1973),7.5,"Horror, Mystery, Thriller",87,88 min,Mark Polonia
Virus Shark,(2021),,Horror,NA,74 min,Julia Ducournau
Raw,(2016),7.0,"Drama, Fantasy, Horror",81,99 min,Tobe Hooper
Lifeforce,(1985),6.2,"Action, Horror, Mystery",50,101 min,Bartosz M. Kowalski
Nobody Sleeps in the Woods Tonight,(2020),4.8,"Horror, Thriller",NA,102 min,Marc Fehse
Sky Sharks,(2020),3.9,"Comedy, Horror, Sci-Fi",NA,110 min,Luis Llosa
Anaconda,(1997),4.8,"Action, Adventure, Horror",37,89 min,Jamie Blanks
Urban Legend,(1998),5.6,"Horror, Mystery, Thriller",35,99 min,Christopher Landon
Happy Death Day 2U,(2019),6.2,"Comedy, Horror, Mystery",57,100 min,Robert Hiltzik
Sleepaway Camp,(1983),6.3,Horror,58,84 min,Rob Zombie
The Devil's Rejects,(2005),6.8,Horror,53,107 min,Paul W.S. Anderson
Resident Evil: Retribution,(2012),5.4,"Action, Horror, Sci-Fi",39,95 min,Jeffrey A. Brown
The Beach House,(II) (2019),5.3,"Drama, Horror, Mystery",64,88 min,James Watts
Death Trip,(2021),3.3,"Horror, Thriller",NA,101 min,Peter Jackson
The Frighteners,(1996),7.1,"Comedy, Fantasy, Horror",52,110 min,Andy Muschietti
Mama,(I) (2013),6.2,"Horror, Thriller",57,100 min,Rupert Wyatt
Captive State,(2019),6.0,"Action, Horror, Sci-Fi",54,109 min,Kiyoshi Kurosawa
Kairo,(2001),6.6,"Horror, Mystery, Sci-Fi",70,119 min,John Carpenter
In the Mouth of Madness,(1994),7.2,"Drama, Horror, Mystery",53,95 min,James DeMonaco
The Purge: Anarchy,(2014),6.4,"Action, Adventure, Horror",50,103 min,Brea Grant
12 Hour Shift,(2020),5.3,"Comedy, Horror, Thriller",63,86 min,Carter Smith
The Ruins,(2008),5.9,"Adventure, Fantasy, Horror",44,90 min,Keenen Ivory Wayans
Scary Movie 2,(2001),5.3,"Comedy, Horror",29,83 min,David Cronenberg
Dead Ringers,(1988),7.3,"Drama, Horror, Thriller",86,116 min,Kevin Greutert
SAW: The Final Chapter,(2010),5.6,"Crime, Horror, Mystery",24,90 min,Meir Zarchi
I Spit on Your Grave,(1978),5.7,"Horror, Thriller",19,101 min,Matt Bettinelli-Olpin
V/H/S,(2012),5.8,"Horror, Thriller",55,116 min,Tom Holland
Child's Play,(1988),6.6,"Fantasy, Horror, Thriller",58,87 min,Teddy Grennan
Ravage,(2019),4.9,"Horror, Thriller",NA,84 min,Neasa Hardiman
Sea Fever,(2019),5.8,"Drama, Horror, Mystery",60,95 min,Tod Williams
Cell,(I) (2016),4.4,"Action, Adventure, Horror",38,98 min,Tommy Wirkola
Hansel & Gretel: Witch Hunters,(2013),6.1,"Action, Fantasy, Horror",23,88 min,Andrew Traucki
Black Water: Abyss,(2020),4.5,"Action, Drama, Horror",46,98 min,Mark A.Z. Dippé
Spawn,(1997),5.3,"Action, Drama, Horror",34,96 min,George A. Romero
Dawn of the Dead,(1978),7.9,"Action, Adventure, Horror",71,127 min,René Cardona Jr.
Tintorera: Killer Shark,(1977),4.1,"Drama, Horror, Romance",NA,126 min,Takashi Miike
Audition,(1999),7.2,"Drama, Horror, Mystery",69,115 min,John Carpenter
Village of the Damned,(1995),5.7,"Horror, Sci-Fi, Thriller",41,98 min,Jonas Åkerlund
Lords of Chaos,(2018),6.5,"Biography, Drama, Horror",48,118 min,Jeremy Gardner
After Midnight,(2019),5.4,"Drama, Horror, Sci-Fi",55,83 min,Eli Craig
Tucker and Dale vs Evil,(2010),7.5,"Comedy, Horror",65,89 min,Kenneth Branagh
Frankenstein,(1994),6.4,"Drama, Horror, Romance",NA,123 min,Todd Strauss-Schulson
The Final Girls,(2015),6.6,"Comedy, Drama, Fantasy",59,91 min,Hideo Nakata
Dark Water,(2002),6.7,"Drama, Horror, Mystery",NA,101 min,John Erick Dowdle
The Poughkeepsie Tapes,(2007),6.0,"Horror, Mystery, Thriller",NA,81 min,Paul W.S. Anderson
Resident Evil: Afterlife,(2010),5.8,"Action, Adventure, Horror",37,96 min,Kourosh Ahari
The Night,(2020),5.5,"Horror, Mystery, Thriller",68,105 min,Richard Bates Jr.
Excision,(2012),6.1,"Comedy, Drama, Horror",NA,81 min,Tommy O'Haver
An American Crime,(2007),7.3,"Biography, Crime, Drama",NA,98 min,Niels Arden Oplev
Flatliners,(2017),5.2,"Drama, Horror, Mystery",27,109 min,Steven Quale
Final Destination 5,(2011),5.8,"Action, Fantasy, Horror",50,92 min,George A. Romero
Night of the Living Dead,(1968),7.9,"Horror, Thriller",89,96 min,Jeff Nichols
Take Shelter,(2011),7.4,"Drama, Horror, Thriller",85,120 min,Steven Soderbergh
Unsane,(2018),6.4,"Drama, Horror, Mystery",63,98 min,Peter Jackson
Braindead,(1992),7.5,"Comedy, Fantasy, Horror",54,104 min,Jarand Herdal
Cadaver,(2020),5.1,"Drama, Horror, Thriller",NA,86 min,Darren Lynn Bousman
Saw III,(2006),6.2,"Crime, Horror, Mystery",48,108 min,Jen Soska
American Mary,(2012),6.3,"Drama, Horror",46,103 min,Mike Flanagan
Oculus,(2013),6.5,"Horror, Mystery",61,104 min,Joe Dante
Twilight Zone: The Movie,(1983),6.5,"Horror, Sci-Fi",44,101 min,Ivan Kavanagh
Son,(2021),,"Horror, Thriller",NA,98 min,Samuel Bayer
A Nightmare On Elm Street,(2010),5.2,"Crime, Drama, Horror",35,95 min,Jan de Bont
The Haunting,(1999),5.0,"Fantasy, Horror, Mystery",42,113 min,Tom Holland
Fright Night,(1985),7.1,"Fantasy, Horror, Thriller",62,106 min,Wes Craven
Scream 3,(2000),5.6,"Horror, Mystery",56,116 min,David Cronenberg
Scanners,(1981),6.8,"Horror, Sci-Fi, Thriller",60,103 min,Joachim Trier
Thelma,(2017),7.0,"Drama, Fantasy, Horror",74,116 min,Ben Howling
Cargo,(I) (2017),6.3,"Drama, Horror, Sci-Fi",65,105 min,Marcus Dunstan
The Collector,(I) (2009),6.4,"Action, Crime, Horror",29,90 min,Johannes Roberts
47 Meters Down,(2017),5.7,"Adventure, Drama, Horror",52,89 min,Patrick Lussier
Wes Craven Presents: Dracula 2000,(2000),4.9,"Action, Fantasy, Horror",26,99 min,Jeremy Gillespie
The Void,(I) (2016),5.9,"Horror, Mystery, Sci-Fi",62,90 min,George P. Cosmatos
Leviathan,(1989),5.8,"Adventure, Horror, Mystery",51,98 min,Rahi Anil Barve
Tumbbad,(2018),8.3,"Drama, Fantasy, Horror",NA,104 min,Jaume Balagueró
REC,(2007),7.4,"Action, Adventure, Fantasy",69,78 min,Eli Roth
Cabin Fever,(2002),5.7,"Drama, Horror",56,93 min,James Wong
Final Destination 3,(2006),5.8,"Action, Crime, Horror",41,93 min,Marc Meyers
We Summon the Darkness,(2019),5.2,"Horror, Music, Thriller",55,91 min,Chris Kentis
Silent House,(2011),5.2,"Drama, Horror, Mystery",49,86 min,Mike Nichols
Wolf,(1994),6.3,"Drama, Horror, Romance",NA,125 min,Peter Hyams
End of Days,(1999),5.8,"Action, Fantasy, Horror",33,122 min,Rob Zombie
Halloween,(2007),6.1,Horror,47,109 min,Colm McCarthy
The Girl with All the Gifts,(2016),6.6,"Action, Adventure, Drama",67,111 min,David R. Ellis
Final Destination 2,(2003),6.2,"Horror, Thriller",38,90 min,Damien Leone
Terrifier,(2016),5.6,"Horror, Thriller",NA,82 min,Fritz Kiersch
Children of the Corn,(1984),5.7,"Horror, Thriller",45,92 min,Brandon Christensen
Z,(I) (2019),5.5,"Horror, Mystery, Thriller",63,83 min,Takashi Shimizu
Flight 7500,(2014),4.8,"Drama, Family, Horror",NA,80 min,Darren Lynn Bousman
Saw IV,(2007),5.9,"Crime, Horror, Mystery",36,93 min,Russell Mulcahy
Resident Evil: Extinction,(2007),6.3,"Action, Horror, Sci-Fi",41,94 min,Chuck Russell
A Nightmare on Elm Street 3: Dream Warriors,(1987),6.6,"Fantasy, Horror",49,96 min,Daniel Goldhaber
Cam,(2018),5.9,"Drama, Horror, Mystery",71,94 min,Adam Robitel
Insidious: The Last Key,(2018),5.7,"Horror, Mystery, Thriller",49,103 min,Rob Letterman
Goosebumps,(2015),6.3,"Adventure, Comedy, Family",60,103 min,James Wan
Insidious: Chapter 2,(2013),6.6,"Horror, Mystery, Thriller",40,106 min,Ishirô Honda
Gojira,(1954),7.6,"Action, Horror, Sci-Fi",78,96 min,Chris Peckover
Better Watch Out,(II) (2016),6.5,"Comedy, Horror, Thriller",67,89 min,Johnny Martin
Alone,(XXI) (2020),4.9,"Horror, Thriller",NA,92 min,J.A. Bayona
The Orphanage,(2007),7.4,"Drama, Fantasy, Horror",74,105 min,Steve Miner
House,(1985),6.2,"Comedy, Fantasy, Horror",44,93 min,Ray Dennis Steckler
Blood Shack,(1971),2.6,Horror,NA,55 min,Lawrence Kasdan
Dreamcatcher,(2003),5.5,"Drama, Horror, Sci-Fi",35,134 min,Joe Alves
Jaws 3,(1983),3.7,"Adventure, Horror, Thriller",27,99 min,Martin Weisz
The Hills Have Eyes 2,(2007),5.1,"Action, Adventure, Horror",32,89 min,Timur Bekmambetov
Abraham Lincoln: Vampire Hunter,(2012),5.9,"Action, Fantasy, Horror",42,105 min,Mike Flanagan
Before I Wake,(2016),6.2,"Drama, Fantasy, Horror",68,97 min,Stuart Gordon
Re-Animator,(1985),7.2,"Comedy, Horror, Sci-Fi",73,104 min,Chuck Russell
The Blob,(1988),6.5,"Horror, Sci-Fi, Thriller",NA,95 min,Brian Yuzna
Society,(1989),6.6,"Comedy, Horror",NA,99 min,Paco Plaza
Verónica,(I) (2017),6.2,Horror,NA,105 min,Zu Quirke
Nocturne,(II) (2020),5.7,"Horror, Mystery, Thriller",58,90 min,David Cronenberg
Videodrome,(1983),7.2,"Horror, Sci-Fi, Thriller",60,87 min,Kathryn Bigelow
Near Dark,(1987),7.0,"Action, Crime, Drama",76,94 min,Justin P. Lange
The Seventh Day,(2021),,Horror,NA,,Takashi Shimizu
The Grudge,(2004),5.9,"Horror, Mystery, Thriller",49,91 min,Adam Robitel
The Taking of Deborah Logan,(2014),6.0,"Horror, Mystery, Thriller",NA,90 min,Steven R. Monroe
I Spit on Your Grave 2,(2013),5.7,"Action, Crime, Horror",NA,106 min,Philip Kaufman
Invasion of the Body Snatchers,(1978),7.4,"Horror, Sci-Fi",75,115 min,Fraser C. Heston
Needful Things,(1993),6.3,"Crime, Drama, Fantasy",43,120 min,François Simard
Summer of 84,(2018),6.7,"Drama, Horror, Mystery",57,105 min,Brandon Guiles
All My Friends Are Dead,(2021),,Horror,NA,,Jason William Lee
Funhouse,(2019),6.1,Horror,NA,106 min,Charles Guard
The Uninvited,(2009),6.3,"Drama, Fantasy, Horror",43,87 min,Gerard McMurray
The First Purge,(2018),5.2,"Action, Horror, Sci-Fi",54,97 min,Camilla Belle
Phobias,(2021),,"Horror, Thriller",NA,85 min,Michael Rymer
Queen of the Damned,(2002),5.3,"Drama, Fantasy, Horror",30,101 min,Malcolm D. Lee
Scary Movie V,(2013),3.5,"Comedy, Horror",11,86 min,Yûichirô Hirakawa
The Promised Neverland,(2020),4.8,"Action, Adventure, Drama",NA,119 min,Roy Ward Baker
Quatermass and the Pit,(1967),7.0,"Horror, Mystery, Sci-Fi",NA,97 min,Braden R. Duemmler
What Lies Below,(2020),4.6,"Horror, Mystery, Sci-Fi",NA,87 min,Leigh Whannell
Insidious: Chapter 3,(2015),6.1,"Horror, Mystery, Thriller",52,97 min,Nelson McCormick
Prom Night,(I) (2008),3.9,"Horror, Mystery",17,88 min,James Wan
Dead Silence,(2007),6.2,"Horror, Mystery, Thriller",34,89 min,Wes Craven
The Last House on the Left,(1972),6.0,"Crime, Horror, Thriller",68,84 min,Sam Raimi
Evil Dead II,(1987),7.8,"Action, Comedy, Fantasy",72,84 min,John Pogue
Deep Blue Sea 3,(2020),4.7,"Action, Horror, Sci-Fi",NA,100 min,Cate Shortland
Berlin Syndrome,(2017),6.3,"Drama, Horror, Mystery",70,116 min,Paul McGuigan
Victor Frankenstein,(2015),6.0,"Drama, Horror, Sci-Fi",36,110 min,Assaf Bernstein
Look Away,(2018),5.8,"Drama, Fantasy, Horror",NA,103 min,Franck Khalfoun
Maniac,(2012),6.1,"Horror, Thriller",47,89 min,Nicholas McCarthy
The Pact,(II) (2012),5.7,"Horror, Mystery, Thriller",54,89 min,Oz Perkins
The Blackcoat's Daughter,(I) (2015),5.9,"Horror, Mystery, Thriller",68,93 min,Justin Benson
Resolution,(III) (2012),6.4,"Drama, Horror, Mystery",80,93 min,Greg McLean
Wolf Creek,(2005),6.2,"Crime, Horror, Thriller",54,99 min,F.W. Murnau
Nosferatu,(1922),7.9,"Fantasy, Horror",NA,94 min,Ari Aster
Beau Is Afraid,,,Horror,NA,,Ken Russell
Altered States,(1980),6.9,"Horror, Sci-Fi, Thriller",58,102 min,Tony Giglio
Doom: Annihilation,(2019),3.6,"Action, Adventure, Horror",NA,96 min,Peter Hyams
The Relic,(1997),5.8,"Horror, Mystery, Sci-Fi",55,110 min,Johannes Roberts
The Strangers: Prey at Night,(2018),5.2,Horror,48,85 min,Kim Henkel
Texas Chainsaw Massacre: The Next Generation,(1994),3.3,"Comedy, Horror, Thriller",50,87 min,Tim Burton
Beetlejuice 2,,,"Comedy, Fantasy, Horror",NA,,James DeMonaco
The Purge: Election Year,(2016),6.0,"Action, Horror, Sci-Fi",55,108 min,David Zucker
Scary Movie 3,(2003),5.5,"Comedy, Horror",49,84 min,Frank Oz
The Stepford Wives,(2004),5.3,"Comedy, Horror, Sci-Fi",42,93 min,Tod Browning
Dracula,(1931),7.5,"Drama, Fantasy, Horror",71,75 min,Scott Stewart
Dark Skies,(2013),6.3,"Horror, Sci-Fi, Thriller",50,97 min,Alexandre Aja
High Tension,(2003),6.8,Horror,42,91 min,David S. Goyer
The Unborn,(2009),4.8,"Drama, Horror, Mystery",30,88 min,David Hackl
Saw V,(2008),5.8,"Crime, Horror, Mystery",20,92 min,Scott Derrickson
The Exorcism of Emily Rose,(2005),6.7,"Drama, Horror, Thriller",46,119 min,Terry Gilliam
The Brothers Grimm,(2005),5.9,"Action, Adventure, Comedy",51,118 min,Ana Lily Amirpour
A Girl Walks Home Alone at Night,(2014),7.0,"Drama, Horror, Romance",81,101 min,Luiso Berdejo
The New Daughter,(2009),5.3,"Horror, Thriller",NA,108 min,Severin Fiala
Goodnight Mommy,(2014),6.7,"Horror, Mystery, Thriller",81,99 min,Danishka Esterhazy
The Banana Splits Movie,(2019),5.0,"Comedy, Horror, Sci-Fi",NA,89 min,Oz Rodriguez
Vampires vs. the Bronx,(2020),5.6,"Comedy, Horror",76,85 min,Olatunde Osunsanmi
The Fourth Kind,(2009),5.9,"Horror, Mystery, Sci-Fi",34,98 min,Rob Zombie
3 from Hell,(2019),5.5,"Action, Horror",50,115 min,Michael Spierig
Winchester,(2018),5.5,"Biography, Drama, Fantasy",28,99 min,Lewis Teague
Cujo,(1983),6.1,"Horror, Thriller",57,93 min,Donato Carrisi
Into the Labyrinth,(2019),5.6,"Horror, Mystery, Thriller",NA,130 min,David R. Ellis
The Final Destination,(2009),5.2,"Action, Fantasy, Horror",30,82 min,George A. Romero
Day of the Dead,(1985),7.2,"Horror, Thriller",60,96 min,William Brent Bell
Brahms: The Boy II,(2020),4.6,"Drama, Horror, Mystery",29,86 min,Ant Timpson
Come to Daddy,(2019),6.0,"Comedy, Horror, Mystery",64,96 min,Amy Seimetz
She Dies Tomorrow,(2020),5.2,"Comedy, Drama, Fantasy",80,86 min,M.J. Bassett
Silent Hill: Revelation,(2012),5.0,"Fantasy, Horror",16,95 min,Måns Mårlind
Underworld Awakening,(2012),6.4,"Action, Fantasy, Horror",39,88 min,Greg McLean
The Belko Experiment,(2016),6.1,"Horror, Thriller",44,89 min,John Carpenter
Prince of Darkness,(1987),6.7,Horror,50,102 min,Adam Wingard
Blair Witch,(2016),5.0,"Horror, Mystery, Thriller",47,89 min,Sylvain White
Slender Man,(2018),3.2,"Horror, Mystery, Thriller",30,93 min,Brannon Braga
Books of Blood,(2020),5.6,"Drama, Horror, Mystery",42,107 min,Stephen Chiodo
Killer Klowns from Outer Space,(1988),6.2,"Comedy, Horror, Sci-Fi",43,88 min,Stephen Sommers
Deep Rising,(1998),6.1,"Action, Adventure, Horror",NA,106 min,Antonia Johnstone
Rise of the Mummy,(2021),3.0,Horror,NA,90 min,Greg Berlanti
Little Shop of Horrors,,,"Comedy, Horror, Musical",NA,,Derek Drymon
Hotel Transylvania 4,(2021),,"Animation, Adventure, Comedy",NA,,Stephen Cognetti
Hell House LLC,(2015),6.4,"Horror, Mystery",NA,93 min,John Stockwell
Turistas,(2006),5.4,"Horror, Mystery, Thriller",36,93 min,Kevin Phillips
Super Dark Times,(2017),6.6,"Crime, Drama, Horror",75,103 min,Stuart Rosenberg
The Amityville Horror,(1979),6.3,Horror,28,117 min,Travis Stevens
Girl on the Third Floor,(2019),4.6,"Drama, Horror, Mystery",65,93 min,Tony Scott
The Hunger,(1983),6.7,"Drama, Horror",52,97 min,Steve Miner
Friday the 13th - Part II,(1981),6.1,"Horror, Mystery, Thriller",26,87 min,Robert Aldrich
What Ever Happened to Baby Jane?,(1962),8.1,"Drama, Horror, Thriller",75,134 min,Stephen Sommers
Odd Thomas,(2013),6.8,"Comedy, Fantasy, Horror",45,97 min,Stuart Gordon
From Beyond,(1986),6.7,"Horror, Sci-Fi",NA,85 min,Timothy Woodward Jr.
The Call,(VIII) (2020),4.4,"Horror, Thriller",NA,97 min,Victor Salva
Jeepers Creepers III,(2017),3.9,"Action, Horror, Mystery",NA,100 min,Phillip Noyce
Dead Calm,(1989),6.8,"Horror, Thriller",70,96 min,Brian Taylor
Mom and Dad,(2017),5.5,"Comedy, Horror, Thriller",59,86 min,Neil Marshall
Dog Soldiers,(2002),6.8,"Action, Horror, Thriller",NA,105 min,Jee-woon Kim
A Tale of Two Sisters,(2003),7.2,"Drama, Horror, Mystery",65,114 min,Joko Anwar
Impetigore,(2019),6.7,"Drama, Horror, Mystery",NA,106 min,Henry Jacobson
Bloodline,(III) (2018),6.0,"Crime, Horror, Thriller",50,97 min,Alexandre Bustillo
Leatherface,(2017),5.0,"Crime, Horror, Thriller",40,90 min,Jonathan Liebesman
The Texas Chainsaw Massacre: The Beginning,(2006),5.8,"Horror, Thriller",30,91 min,Levan Gabriadze
Unfriended,(2014),5.5,"Horror, Mystery, Thriller",59,83 min,Joseph Zito
Friday the 13th Part IV: The Final Chapter,(1984),6.0,"Horror, Thriller",33,91 min,Will Wernick
Escape Room,(II) (2017),4.2,"Horror, Thriller",NA,81 min,Jack Sholder
A Nightmare on Elm Street 2: Freddy's Revenge,(1985),5.5,Horror,43,87 min,Robert Bierman
Vampire's Kiss,(1988),6.0,"Comedy, Horror",31,103 min,Christophe Gans
Brotherhood of the Wolf,(2001),7.0,"Action, Adventure, Drama",57,142 min,Mitchell Lichtenstein
Teeth,(I) (2007),5.4,"Comedy, Fantasy, Horror",57,94 min,David Cronenberg
Existenz,(1999),6.8,"Horror, Sci-Fi, Thriller",68,97 min,Rodrigo Cortés
Red Lights,(2012),6.2,"Action, Adventure, Drama",36,114 min,Ciarán Foy
Sinister 2,(2015),5.3,"Horror, Mystery, Thriller",32,97 min,John McPhail
Anna and the Apocalypse,(2017),6.0,"Comedy, Horror, Musical",63,93 min,Henry Joost
Viral,(I) (2016),5.5,"Drama, Horror, Sci-Fi",NA,85 min,Rob Zombie
31,(2016),5.1,"Horror, Thriller",35,102 min,Ronny Yu
Bride of Chucky,(1998),5.4,"Comedy, Horror",48,89 min,David Zucker
Scary Movie 4,(2006),5.1,"Comedy, Horror",40,83 min,Sean Byrne
The Loved Ones,(2009),6.6,"Crime, Drama, Horror",73,84 min,Joe Johnston
The Wolfman,(2010),5.8,"Drama, Fantasy, Horror",43,103 min,Mike Ahern
Extra Ordinary,(2019),6.4,"Comedy, Fantasy, Horror",72,94 min,Dan Curtis
Burnt Offerings,(1976),6.5,"Horror, Mystery, Thriller",48,116 min,Rodman Flender
Idle Hands,(1999),6.2,"Comedy, Fantasy, Horror",31,92 min,Mark Jones
Leprechaun,(1993),4.8,"Comedy, Fantasy, Horror",17,92 min,John Carpenter
Vampires,(1998),6.2,"Action, Horror, Thriller",42,108 min,James Whale
Frankenstein,(1931),7.8,"Drama, Horror, Sci-Fi",91,70 min,Sean Ellis
Eight for Silver,(2021),5.9,Horror,57,113 min,Allan Holzman
Forbidden World,(1982),5.2,"Horror, Sci-Fi",NA,77 min,Daniel Stamm
The Last Exorcism,(2010),5.6,"Horror, Mystery, Thriller",63,87 min,Sophia Takal
Black Christmas,(2019),3.4,"Horror, Mystery, Thriller",49,92 min,Babak Anvari
Wounds,(2019),4.0,"Drama, Horror, Mystery",51,95 min,Damien LeVeck
The Cleansing Hour,(2019),6.0,Horror,NA,94 min,Ovidio G. Assonitis
Tentacles,(1977),3.8,"Action, Adventure, Comedy",NA,102 min,John Polson
Hide and Seek,(2005),6.0,"Drama, Horror, Mystery",35,101 min,Tony Randel
Hellbound: Hellraiser II,(1988),6.5,"Horror, Thriller",41,97 min,Joel Schumacher
Flatliners,(1990),6.6,"Drama, Horror, Sci-Fi",55,115 min,Christian Nyby
The Thing from Another World,(1951),7.1,"Horror, Sci-Fi",NA,87 min,David Nutter
Disturbing Behavior,(1998),5.7,"Horror, Mystery, Sci-Fi",NA,84 min,David Koepp
Stir of Echoes,(1999),7.0,"Horror, Mystery, Thriller",67,99 min,Mick Garris
Sleepwalkers,(1992),5.3,"Fantasy, Horror",38,91 min,Joe Begos
VFW,(2019),6.1,"Action, Crime, Horror",72,92 min,Joe Dante
The Howling,(1981),6.6,Horror,68,91 min,Marcus Dunstan
The Collection,(II) (2012),6.1,"Action, Adventure, Crime",38,82 min,Antonia Bird
Ravenous,(1999),7.0,"Adventure, Comedy, Horror",46,101 min,Jen Soska
Rabid,(2019),5.2,"Horror, Sci-Fi",43,107 min,Nimród Antal
Vacancy,(2007),6.2,"Horror, Thriller",54,85 min,Tom Six
The Human Centipede III (Final Sequence),(2015),2.7,"Comedy, Horror",5,102 min,M.J. Bassett
Solomon Kane,(2009),6.1,"Action, Adventure, Fantasy",48,104 min,Anthony Hickox
Hellraiser III: Hell on Earth,(1992),5.5,Horror,50,97 min,Stephen Susco
Unfriended: Dark Web,(2018),5.9,"Horror, Mystery, Thriller",53,92 min,Nobuhiko Ôbayashi
Hausu,(1977),7.4,"Comedy, Horror",NA,88 min,Gregory Widen
The Prophecy,(1995),6.5,"Action, Crime, Drama",44,98 min,Gus Van Sant
Psycho,(1998),4.6,"Horror, Mystery, Thriller",47,105 min,Malik Vitthal
Body Cam,(2020),5.3,"Horror, Mystery, Thriller",37,96 min,Bruce D. Clark
Galaxy of Terror,(1981),5.1,"Action, Adventure, Horror",38,81 min,Stephen Herek
Critters,(1986),6.1,"Comedy, Horror, Sci-Fi",52,86 min,Yasushi Kawamura
Gantz: O,(2016),7.1,"Animation, Action, Drama",NA,95 min,William Malone
House on Haunted Hill,(1999),5.7,"Crime, Fantasy, Horror",28,93 min,Lars Damoiseaux
Yummy,(2019),6.0,"Action, Comedy, Horror",NA,88 min,George A. Romero
Land of the Dead,(2005),6.2,"Horror, Sci-Fi, Thriller",71,93 min,Joe Lynch
Mayhem,(2017),6.4,"Action, Comedy, Horror",62,86 min,Takashi Miike
Koroshiya 1,(2001),7.0,"Action, Comedy, Crime",55,129 min,Kurtis David Harder
Spiral,(I) (2019),5.5,"Drama, Horror, Mystery",59,87 min,John Fawcett
Ginger Snaps,(2000),6.8,"Drama, Fantasy, Horror",70,108 min,Alexandre Aja
Mirrors,(I) (2008),6.2,"Horror, Mystery",35,110 min,John Moore
The Omen,(2006),5.5,"Action, Adventure, Fantasy",43,110 min,Chan-wook Park
Thirst,(2009),7.1,"Drama, Fantasy, Horror",73,134 min,Marjane Satrapi
The Voices,(2014),6.4,"Comedy, Crime, Fantasy",58,103 min,J.D. Dillard
Sweetheart,(I) (2019),5.8,"Adventure, Horror, Mystery",NA,82 min,Daniel Attias
Stephen King's Silver Bullet,(1985),6.4,Horror,26,95 min,Brett Leonard
The Lawnmower Man,(1992),5.5,"Horror, Sci-Fi",42,108 min,Michael Spierig
Daybreakers,(2009),6.4,"Action, Adventure, Fantasy",57,98 min,Barry Levinson
The Bay,(II) (2012),5.6,"Horror, Sci-Fi, Thriller",65,84 min,Neil Jordan
Byzantium,(2012),6.5,"Drama, Fantasy, Horror",66,118 min,Kevin Greutert
Saw VI,(2009),6.0,"Horror, Mystery, Thriller",30,90 min,Wes Craven
The Hills Have Eyes,(1977),6.3,"Horror, Thriller",64,90 min,Jeffrey Grellman
Mermaid Down,(2019),5.9,"Fantasy, Horror, Mystery",NA,91 min,Pascal Laugier
Incident in a Ghostland,(2018),6.4,"Drama, Horror, Mystery",44,91 min,Rick Rosenthal
Halloween II,(1981),6.5,Horror,40,92 min,Jens Dahl
Breeder,(2020),5.6,"Horror, Thriller",NA,107 min,David Amito
Antrum: The Deadliest Film Ever Made,(2018),4.9,Horror,NA,95 min,Renny Harlin
Devil's Pass,(2013),5.7,"Horror, Mystery, Thriller",49,100 min,Matthew Holness
Possum,(2018),5.7,"Drama, Horror, Mystery",64,85 min,Catherine Hardwicke
Red Riding Hood,(2011),5.5,"Fantasy, Horror, Mystery",29,100 min,Tyler Shields
Final Girl,(2015),4.7,"Horror, Thriller",NA,84 min,Matteo Garrone
Tale of Tales,(2015),6.4,"Drama, Fantasy, Horror",72,134 min,Tom Six
"The Human Centipede II, Full Sequence",(2011),3.8,Horror,17,91 min,Frank Marshall
Arachnophobia,(1990),6.4,"Comedy, Horror, Thriller",67,109 min,Rodrigo Cortés
Down a Dark Hall,(2018),5.1,"Drama, Fantasy, Horror",56,96 min,Tony Maylam
The Burning,(1981),6.4,Horror,42,91 min,Alexandre Bustillo
Inside,(2007),6.8,Horror,NA,82 min,Henry Hobson
Maggie,(I) (2015),5.6,"Drama, Horror",52,95 min,Michael Dougherty
Trick 'r Treat,(2007),6.8,"Comedy, Horror",NA,82 min,Thomas Robert Lee
The Curse of Audrey Earnshaw,(2020),4.8,"Drama, Horror, Mystery",NA,93 min,William Kaufman
Daylight's End,(2016),5.4,"Action, Fantasy, Horror",NA,105 min,Phillip G. Carroll Jr.
The Honeymoon Phase,(2019),4.5,"Horror, Sci-Fi, Thriller",NA,89 min,Danny Cannon
I Still Know What You Did Last Summer,(1998),4.7,"Horror, Mystery",21,100 min,John Carpenter
John Carpenter's Ghosts Of Mars,(2001),4.9,"Action, Horror, Sci-Fi",35,98 min,Renny Harlin
Mindhunters,(2004),6.4,"Crime, Horror, Thriller",33,106 min,Rob Hedden
Friday the 13th Part VIII: Jason Takes Manhattan,(1989),4.6,"Adventure, Horror, Thriller",14,100 min,John Erick Dowdle
Quarantine,(2008),5.9,"Horror, Thriller",53,89 min,James Isaac
Jason X,(2001),4.4,"Action, Horror, Sci-Fi",25,92 min,Victor Salva
Jeepers Creepers 2,(2003),5.6,Horror,36,104 min,Adrian Shergold
Cordelia,(2019),4.4,"Drama, Horror, Thriller",NA,91 min,Steve Box
Wallace & Gromit: The Curse of the Were-Rabbit,(2005),7.4,"Animation, Adventure, Comedy",87,85 min,Adam Marcus
Jason Goes to Hell: The Final Friday,(1993),4.2,"Fantasy, Horror, Thriller",17,87 min,David Cronenberg
Rabid,(1977),6.3,"Horror, Sci-Fi",56,91 min,Rupert Wainwright
Stigmata,(1999),6.2,Horror,28,103 min,William Friedkin
Bug,(2006),6.1,"Drama, Horror, Thriller",62,102 min,Ted Nicolaou
TerrorVision,(1986),5.7,"Comedy, Horror, Sci-Fi",NA,83 min,Kurt Wimmer
Children of the Corn,(2020),6.6,Horror,NA,,Greg McLean
Rogue,(2007),6.2,"Action, Adventure, Drama",NA,99 min,Lodewijk Crijns
Bumperkleef,(2019),5.8,"Horror, Thriller",NA,86 min,Aaron Fjellman
Caged,(I) (2021),3.3,"Drama, Horror, Thriller",NA,81 min,Lucky McKee
The Woman,(I) (2011),6.0,"Drama, Horror",58,101 min,Kevin Smith
Red State,(2011),6.2,"Action, Crime, Horror",50,88 min,William Peter Blatty
The Ninth Configuration,(1980),7.0,"Comedy, Drama, Horror",46,118 min,Shinji Higuchi
Attack on Titan Part 2,(2015),4.8,"Action, Adventure, Fantasy",NA,87 min,Rob Minkoff
The Haunted Mansion,(2003),5.0,"Comedy, Family, Fantasy",34,88 min,Bradley Parker
The Devil Below,(2021),,"Horror, Thriller",NA,88 min,Olaf de Fleur Johannesson
Malevolent,(III) (2018),4.8,"Horror, Mystery, Thriller",NA,89 min,Joe Begos
Bliss,(I) (2019),5.8,"Drama, Horror, Mystery",53,80 min,Michael Mann
The Keep,(1983),5.8,"Drama, Fantasy, Horror",34,96 min,Iain Softley
The Skeleton Key,(2005),6.5,"Drama, Horror, Mystery",47,104 min,George A. Romero
Creepshow,(1982),6.9,"Comedy, Fantasy, Horror",59,120 min,Jonathan Milott
Cooties,(2014),5.7,"Action, Comedy, Horror",49,88 min,Lars Klevberg
Polaroid,(I) (2019),5.1,"Drama, Horror, Mystery",NA,88 min,Abe Forsythe
Little Monsters,(2019),6.3,"Comedy, Horror, Sci-Fi",59,93 min,Mike Flanagan
Ouija: Origin of Evil,(2016),6.1,"Drama, Horror, Mystery",65,99 min,Nicholas Danko
Red Woods,(2021),3.0,"Adventure, Horror, Mystery",NA,95 min,Uwe Boll
BloodRayne,(2005),2.9,"Action, Fantasy, Horror",18,95 min,André Øvredal
Trollhunter,(2010),7.0,"Drama, Fantasy, Horror",61,103 min,Jaco Bouwer
Gaia,(2021),,"Drama, Fantasy, Horror",NA,96 min,Edward D. Wood Jr.
Plan 9 from Outer Space,(1957),4.0,"Horror, Sci-Fi",NA,79 min,Bob Clark
Black Christmas,(1974),7.2,"Horror, Mystery, Thriller",65,98 min,Paul Schrader
Cat People,(1982),6.2,"Fantasy, Horror, Thriller",62,118 min,Claudio Fragasso
Troll 2,(1990),3.0,"Comedy, Fantasy, Horror",NA,95 min,Stiles White
Ouija,(II) (2014),4.5,"Horror, Mystery, Thriller",38,89 min,Ken Russell
The Lair of the White Worm,(1988),5.9,"Comedy, Horror",61,93 min,David Gelb
The Lazarus Effect,(2015),5.2,"Horror, Mystery, Sci-Fi",31,83 min,Andrew Traucki
The Reef,(2010),5.8,"Adventure, Drama, Horror",NA,94 min,Henry Joost
Paranormal Activity 4,(2012),4.6,"Horror, Mystery",40,88 min,Jack Arnold
Creature from the Black Lagoon,(1954),7.0,"Horror, Sci-Fi",68,79 min,Giles Alderson
The Dare,(2019),5.1,"Horror, Mystery, Thriller",NA,97 min,Diederik Van Rooijen
The Possession of Hannah Grace,(2018),5.2,"Horror, Mystery, Thriller",37,86 min,Neil LaBute
The Wicker Man,(2006),3.7,"Horror, Mystery, Thriller",36,102 min,Joseph Ruben
Dreamscape,(1984),6.3,"Action, Adventure, Horror",63,99 min,Tom Holland
Thinner,(1996),5.8,"Fantasy, Horror",33,93 min,Jon Stevenson
Rent-A-Pal,(2020),6.3,"Horror, Thriller",61,108 min,Wes Craven
New Nightmare,(1994),6.5,"Fantasy, Horror, Mystery",64,112 min,Jon Knautz
Girl House,(2014),5.5,"Horror, Thriller",NA,99 min,Xavier Gens
The Divide,(2011),5.8,"Drama, Horror, Sci-Fi",28,112 min,Mark Pellington
The Mothman Prophecies,(2002),6.4,"Drama, Horror, Mystery",52,119 min,Fatih Akin
The Golden Glove,(2019),6.7,"Crime, Drama, Horror",38,115 min,Amy Holden Jones
The Slumber Party Massacre,(1982),5.7,Horror,NA,77 min,Robert Wiene
The Cabinet of Dr. Caligari Full Sound,(1920),8.1,"Fantasy, Horror, Mystery",NA,67 min,Colin Minihan
Grave Encounters,(2011),6.1,"Horror, Mystery, Thriller",33,92 min,Hiroshi Harada
Midori,(1992),6.7,"Animation, Drama, Horror",NA,56 min,Peter Jackson
Bad Taste,(1987),6.6,"Comedy, Horror, Sci-Fi",52,91 min,Panos Cosmatos
Beyond the Black Rainbow,(2010),6.1,"Horror, Sci-Fi, Thriller",49,110 min,George Sluizer
The Vanishing,(1993),6.3,"Drama, Horror, Mystery",49,109 min,Anthony Waller
An American Werewolf in Paris,(1997),5.1,"Comedy, Fantasy, Horror",31,105 min,Darren Lynn Bousman
Mother's Day,(I) (2010),6.3,"Drama, Horror, Thriller",34,112 min,William Peter Blatty
The Exorcist III,(1990),6.4,"Drama, Horror, Mystery",48,110 min,Guillermo del Toro
Mimic,(1997),6.0,"Horror, Sci-Fi",55,105 min,Colin Minihan
What Keeps You Alive,(2018),5.7,"Horror, Thriller",66,98 min,Michael A. Simpson
Sleepaway Camp II: Unhappy Campers,(1988),5.7,"Comedy, Horror",NA,80 min,John Lafia
Child's Play 2,(1990),5.9,"Horror, Thriller",37,84 min,Adam Robitel
Escape Room 2,(2022),,"Action, Adventure, Horror",NA,,Matt Angel
The Open House,(2018),3.2,"Horror, Thriller",NA,94 min,Don Coscarelli
Phantasm,(1979),6.7,"Horror, Sci-Fi",72,89 min,Greg Tiernan
Untitled Addams Family Sequel,(2021),,"Animation, Adventure, Comedy",NA,,R.D. Braunstein
I Spit on Your Grave: Vengeance is Mine,(2015),5.2,"Action, Crime, Horror",NA,92 min,Kimo Stamboel
The Queen of Black Magic,(2019),6.7,"Horror, Mystery, Thriller",54,99 min,Renny Harlin
A Nightmare on Elm Street 4: The Dream Master,(1988),5.7,Horror,56,93 min,Hideo Nakata
Ringu,(1998),7.2,"Horror, Mystery",NA,96 min,Mike P. Nelson
The Domestics,(2018),5.7,"Action, Horror, Sci-Fi",NA,95 min,Tod Browning
Freaks,(1932),7.9,"Drama, Horror",80,64 min,David Cronenberg
The Brood,(1979),6.9,"Horror, Sci-Fi",63,92 min,Quentin Dupieux
Rubber,(2010),5.8,"Comedy, Fantasy, Horror",59,82 min,Nacho Vigalondo
Timecrimes,(2007),7.2,"Horror, Mystery, Sci-Fi",68,92 min,Brad Anderson
Stonehearst Asylum,(2014),6.8,"Drama, Horror, Thriller",52,112 min,Danny Steinmann
Friday the 13th V: A New Beginning,(1985),4.8,"Horror, Mystery, Thriller",16,92 min,Nicholas McCarthy
The Prodigy,(2019),5.9,"Fantasy, Horror, Mystery",45,92 min,Walter Hill
Supernova,(I) (2000),4.9,"Horror, Sci-Fi, Thriller",19,90 min,Roman Polanski
Repulsion,(1965),7.7,"Drama, Horror, Thriller",91,105 min,Dan Bush
The Vault,(I) (2017),4.8,"Crime, Horror, Mystery",50,91 min,Bert L. Dragin
Twice Dead,(1988),5.4,"Thriller, Horror",NA,87 min,Dwight H. Little
Halloween 4: The Return of Michael Myers,(1988),5.9,"Horror, Thriller",34,88 min,Chris Gorak
The Darkest Hour,(2011),4.9,"Action, Adventure, Horror",18,89 min,Adam Egypt Mortimer
Daniel Isn't Real,(2019),6.1,"Crime, Drama, Fantasy",61,100 min,Ben Wheatley
Kill List,(2011),6.4,"Action, Crime, Horror",67,95 min,Ryûhei Kitamura
The Midnight Meat Train,(2008),6.0,"Horror, Mystery, Thriller",58,100 min,Anthony Hall
Legend of Fall Creek,(2021),3.7,"Comedy, Crime, Drama",NA,88 min,Darren Lynn Bousman
Repo! The Genetic Opera,(2008),6.6,"Horror, Musical, Sci-Fi",32,98 min,Patrick Brice
Creep 2,(2017),6.5,"Horror, Thriller",75,78 min,David Lynch
Twin Peaks: The Missing Pieces,(2014),7.7,"Drama, Horror, Mystery",NA,91 min,Scott Derrickson
The Black Phone,,,"Drama, Horror",NA,,Albert Pyun
The Sword and the Sorcerer,(1982),5.6,"Action, Adventure, Fantasy",39,99 min,James Whale
The Bride of Frankenstein,(1935),7.8,"Drama, Horror, Sci-Fi",95,75 min,Jordan Rubin
Zombeavers,(2014),4.8,"Comedy, Horror",44,77 min,William Brent Bell
Orphan: First Kill,,,"Crime, Drama, Horror",NA,,Kevin Goetz
Martyrs,(2015),4.0,"Drama, Horror, Thriller",22,86 min,Jonathan Levine
All the Boys Love Mandy Lane,(2006),5.5,"Horror, Mystery, Thriller",44,90 min,F. Javier Gutiérrez
Rings,(2017),4.5,"Drama, Horror, Mystery",25,102 min,Ti West
The House of the Devil,(2009),6.4,"Horror, Mystery",73,95 min,Tom McLoughlin
Friday the 13th Part VI: Jason Lives,(1986),6.0,"Horror, Thriller",30,86 min,Joe May
The Invisible Man Returns,(1940),6.5,"Drama, Horror, Mystery",NA,81 min,James Bond III
Def By Temptation,(1990),4.7,Horror,NA,95 min,Leigh Janiak
Honeymoon,(2014),5.7,"Drama, Fantasy, Horror",65,87 min,Kevin Smith
Yoga Hosers,(2016),4.3,"Action, Comedy, Fantasy",23,88 min,Neil Jordan
The Company of Wolves,(1984),6.7,"Drama, Fantasy, Horror",69,95 min,Justin Simien
Bad Hair,(2020),5.6,"Comedy, Horror",61,102 min,Guillermo del Toro
The Devil's Backbone,(2001),7.4,"Drama, Horror",78,106 min,Richard Franklin
Psycho II,(1983),6.5,"Crime, Horror, Mystery",54,113 min,Joe Marcantonio
Kindred,(2020),4.8,"Drama, Horror, Mystery",54,101 min,David R. Ellis
Shark Night,(2011),4.0,"Horror, Thriller",22,90 min,Ole Bornedal
The Possession,(I) (2012),5.9,"Horror, Mystery, Thriller",45,92 min,Dario Argento
Phenomena,(1985),6.8,"Crime, Horror, Mystery",57,116 min,Wes Craven
Swamp Thing,(1982),5.4,"Horror, Sci-Fi",50,91 min,Wes Craven
Cursed,(2005),5.0,"Comedy, Horror",31,97 min,Kevin Tenney
Night of the Demons,(1988),6.2,"Comedy, Fantasy, Horror",NA,90 min,Bruce Hunt
The Cave,(2005),5.1,"Action, Adventure, Horror",30,97 min,Padraig Reynolds
Open 24 Hours,(2018),5.4,Horror,NA,102 min,Brandon Cronenberg
Antiviral,(2012),5.7,"Horror, Mystery, Sci-Fi",55,108 min,Ellory Elkayem
Eight Legged Freaks,(2002),5.4,"Action, Adventure, Comedy",53,99 min,James Nguyen
Birdemic: Shock and Terror,(2010),1.8,"Horror, Thriller",NA,105 min,Tommy Lee Wallace
Halloween III: Season of the Witch,(1982),5.0,"Horror, Mystery, Sci-Fi",50,98 min,Tim Burton
Frankenweenie,(2012),6.9,"Animation, Comedy, Family",74,87 min,Ate de Jong
Highway to Hell,(1991),6.0,"Adventure, Comedy, Fantasy",NA,94 min,Gonzalo López-Gallego
Apollo 18,(2011),5.2,"Horror, Mystery, Sci-Fi",24,86 min,Takashi Miike
As the Gods Will,(2014),6.4,"Adventure, Horror, Sci-Fi",NA,117 min,Ken Dixon
Slave Girls from Beyond Infinity,(1987),4.6,"Action, Adventure, Comedy",NA,74 min,Hideo Nakata
The Ring Two,(2005),5.4,"Horror, Mystery",44,110 min,Nicolas Gessner
The Little Girl Who Lives Down the Lane,(1976),7.1,"Drama, Horror, Mystery",53,91 min,Owen Egerton
Blood Fest,(2018),5.4,"Comedy, Horror",54,92 min,John Stockwell
Dark Tide,(2012),4.3,"Action, Adventure, Drama",23,114 min,Sidney J. Furie
The Entity,(1982),6.7,"Drama, Horror",35,125 min,John Carpenter
The Ward,(2010),5.6,"Horror, Mystery, Thriller",38,89 min,Anthony Scott Burns
Our House,(I) (2018),5.3,"Drama, Horror, Mystery",45,90 min,Adam MacDonald
Backcountry,(I) (2014),6.0,"Adventure, Drama, Horror",62,92 min,Lamberto Bava
Demons,(1985),6.7,Horror,53,88 min,Rachel Talalay
Freddy's Dead: The Final Nightmare,(1991),4.9,"Fantasy, Horror",39,89 min,Nora Unkel
A Nightmare Wakes,(2020),4.2,"Horror, Thriller",NA,90 min,Bryan Forbes
The Stepford Wives,(1975),6.9,"Horror, Mystery, Sci-Fi",54,115 min,Domenico Emanuele de Feudis
The Binding,(2020),4.7,"Drama, Horror, Thriller",NA,93 min,Nick Murphy
The Awakening,(I) (2011),6.5,"Horror, Thriller",53,102 min,Adam Schindler
Intruders,(2015),5.7,"Drama, Horror, Thriller",39,90 min,Chris Kentis
Open Water,(2003),5.7,"Adventure, Drama, Horror",63,79 min,Michael Herz
The Toxic Avenger,(1984),6.3,"Action, Comedy, Horror",42,82 min,Steve Miner
Halloween H2O: 20 Years Later,(1998),5.8,"Horror, Thriller",52,86 min,Paul Lynch
Prom Night,(1980),5.4,"Horror, Thriller",45,92 min,Roman Polanski
Dance of the Vampires,(1967),7.2,"Comedy, Horror",56,91 min,Adam Green
Hatchet,(2006),5.7,"Comedy, Horror, Thriller",57,93 min,Michael P. Blevins
Digging to Death,(2021),4.6,"Horror, Thriller",NA,92 min,Jon Harris
The Descent: Part 2,(2009),5.8,"Action, Adventure, Drama",NA,94 min,George A. Romero
Monkey Shines,(1988),6.2,"Drama, Horror, Sci-Fi",71,113 min,William Brent Bell
Stay Alive,(2006),5.1,"Fantasy, Horror, Mystery",24,85 min,Chelsea Stardust
Satanic Panic,(2019),5.6,"Comedy, Horror",51,85 min,Greg Nicotero
Untitled: The Walking Dead Movie,,,"Drama, Horror, Sci-Fi",NA,,Stefan Ruzowitzky
Patient Zero,(I) (2018),4.5,"Action, Drama, Horror",NA,93 min,Michele Massimo Tarantini
Massacre in Dinosaur Valley,(1985),5.2,"Action, Adventure, Horror",NA,88 min,David Gordon Green
The Exorcist,(2021),,Horror,NA,,Tony Maylam
Split Second,(1992),6.2,"Action, Crime, Horror",NA,90 min,Steve Miner
Friday the 13th - Part III,(1982),5.7,"Horror, Thriller",30,95 min,Jim Wynorski
Chopping Mall,(1986),5.6,"Comedy, Horror, Sci-Fi",22,77 min,Jesús Franco
"Wanda, the Wicked Warden",(1977),4.6,"Drama, Horror",NA,90 min,Mark L. Lester
Firestarter,(1984),6.1,"Action, Horror, Sci-Fi",50,114 min,Jeremy Dyson
Ghost Stories,(I) (2017),6.4,"Drama, Horror",68,98 min,Todd McFarlane
Spawn,(II),,"Action, Adventure, Drama",NA,,Joel Anderson
Lake Mungo,(2008),6.3,"Drama, Horror, Mystery",NA,87 min,Stuart Gordon
Dagon,(2001),6.3,"Fantasy, Horror, Mystery",NA,98 min,David Hackl
Into the Grizzly Maze,(2015),5.3,"Action, Adventure, Drama",43,94 min,John McNaughton
Henry: Portrait of a Serial Killer,(1986),7.0,"Biography, Crime, Drama",80,83 min,Lawrence Raghavendra
Laxmii,(2020),2.3,"Action, Comedy, Horror",NA,141 min,Ninian Doff
Get Duked!,(2019),6.2,"Action, Comedy, Horror",69,87 min,Malgorzata Szumowska
The Other Lamb,(2019),5.2,"Drama, Horror",65,96 min,Guillermo del Toro
Cronos,(1993),6.7,"Fantasy, Horror",70,94 min,Paul Hyett
Howl,(I) (2015),5.4,"Action, Fantasy, Horror",NA,92 min,Jesús Franco
Eugenie... the Story of Her Journey Into Perversion,(1970),5.4,"Drama, Horror",NA,87 min,Elliot Silverstein
The Car,(1977),6.2,"Action, Horror, Mystery",NA,96 min,Stephan Rick
The Super,(2017),5.7,"Horror, Thriller",47,90 min,Demián Rugna
Terrified,(2017),6.5,Horror,NA,87 min,Clay Staub
Devil's Gate,(2017),5.1,"Horror, Sci-Fi, Thriller",37,94 min,Lucio Fulci
Zombie,(1979),6.9,Horror,54,91 min,Don Siegel
Invasion of the Body Snatchers,(1956),7.7,"Drama, Horror, Sci-Fi",92,80 min,Marcel Sarmiento
Deadgirl,(2008),5.6,Horror,36,101 min,James Signorelli
Elvira: Mistress of the Dark,(1988),6.6,"Comedy, Horror",43,96 min,Miguel Ángel Vivas
Extinction,(2015),5.9,"Drama, Horror, Sci-Fi",46,112 min,Tom Paton
Black Ops,(II) (2019),5.1,"Action, Horror, Sci-Fi",NA,102 min,Tom Elkins
The Haunting in Connecticut 2: Ghosts of Georgia,(2013),5.3,"Drama, Horror, Mystery",26,100 min,Werner Herzog
Nosferatu the Vampyre,(1979),7.5,"Drama, Horror",79,107 min,Dario Argento
Deep Red,(1975),7.6,"Horror, Mystery, Thriller",89,127 min,Mel Brooks
Dracula: Dead and Loving It,(1995),5.9,"Comedy, Fantasy, Horror",NA,88 min,Jonathan Liebesman
Darkness Falls,(2003),5.0,"Fantasy, Horror, Mystery",23,86 min,Ben Wheatley
In the Earth,(2021),6.2,Horror,61,100 min,Albert Lewin
The Picture of Dorian Gray,(1945),7.5,"Drama, Fantasy, Horror",NA,110 min,David Cronenberg
Shivers,(1975),6.4,"Horror, Sci-Fi",58,87 min,Bradley King
Time Lapse,(2014),6.5,"Horror, Sci-Fi, Thriller",50,104 min,Don Edmonds
Ilsa: She Wolf of the SS,(1975),5.1,"Drama, Horror, Thriller",NA,96 min,Don Mancini
Cult of Chucky,(2017),5.2,"Fantasy, Horror, Thriller",69,91 min,Shin'ya Tsukamoto
Tetsuo: The Iron Man,(1989),7.0,"Fantasy, Horror, Sci-Fi",NA,67 min,Don Mancini
Curse of Chucky,(2013),5.6,"Horror, Thriller",58,97 min,Kaare Andrews
The ABCs of Death,(2012),4.7,"Comedy, Horror",43,129 min,David Nerlich
Black Water,(2007),5.9,"Action, Adventure, Drama",NA,90 min,Don Mancini
Seed of Chucky,(2004),4.8,"Comedy, Fantasy, Horror",46,87 min,Mikael Håfström
The Rite,(2011),6.0,"Drama, Horror, Mystery",38,114 min,Stewart Hendler
Sorority Row,(2009),5.1,"Horror, Mystery",24,101 min,Wes Craven
My Soul to Take,(2010),4.8,"Horror, Mystery, Thriller",25,107 min,Simon Barrett
V/H/S 2,(2013),6.0,"Horror, Thriller",49,96 min,Takao Okawara
Godzilla vs. Destoroyah,(1995),7.0,"Action, Horror, Sci-Fi",NA,103 min,Todd Lincoln
The Apparition,(2012),4.1,"Horror, Thriller",18,82 min,Banjong Pisanthanakun
Shutter,(II) (2004),7.1,"Horror, Mystery, Thriller",NA,97 min,John Carl Buechler
Friday the 13th Part VII: The New Blood,(1988),5.3,"Horror, Thriller",13,88 min,Lucky McKee
May,(2002),6.6,"Comedy, Drama, Horror",58,93 min,John Carl Buechler
Troll,(1986),4.5,"Comedy, Fantasy, Horror",30,82 min,Lee Cronin
The Hole in the Ground,(2019),5.6,"Drama, Horror, Mystery",63,90 min,Walerian Borowczyk
The Beast,(1975),5.7,"Drama, Fantasy, Horror",NA,98 min,Jason Zada
The Forest,(I) (2016),4.8,"Horror, Mystery, Thriller",34,93 min,Don Taylor
Damien: Omen II,(1978),6.3,Horror,45,107 min,Eli Craig
Little Evil,(2017),5.7,"Comedy, Horror",NA,94 min,Brian De Palma
Phantom of the Paradise,(1974),7.4,"Comedy, Drama, Fantasy",67,91 min,Tod Williams
Paranormal Activity 2,(2010),5.6,"Horror, Mystery",53,91 min,John Gulager
Feast,(2005),6.3,"Action, Comedy, Horror",43,95 min,Dennis Iliadis
Delirium,(I) (2018),5.7,"Horror, Thriller",NA,96 min,Michael Dougherty
Krampus,(I) (2015),6.2,"Comedy, Drama, Fantasy",49,98 min,Álex de la Iglesia
The Bar,(2017),6.3,"Comedy, Horror, Thriller",NA,102 min,Kevin McManus
The Block Island Sound,(2020),6.8,"Horror, Sci-Fi, Thriller",NA,97 min,Michael Tiddes
A Haunted House,(2013),5.0,"Comedy, Fantasy, Horror",20,86 min,Richard Attenborough
Magic,(1978),6.8,"Drama, Horror",49,107 min,Drew Casson
Hungerford,(2014),3.8,"Action, Horror, Sci-Fi",NA,79 min,Marcus Dunstan
The Collected,,,"Action, Adventure, Crime",NA,,Alexander Henderson
The Red Nightmare,(2021),3.8,Horror,NA,92 min,Michael Gornick
Creepshow 2,(1987),6.1,"Fantasy, Horror",39,92 min,Jon Watts
Clown,(2014),5.7,"Horror, Thriller",42,100 min,Will Canon
Demonic,(2015),5.3,"Horror, Mystery, Thriller",NA,83 min,Sebastian Gutierrez
Elizabeth Harvest,(2018),5.8,"Horror, Sci-Fi, Thriller",54,108 min,Jordan Peele
Untitled Jordan Peele Horror Event,(2022),,Horror,NA,,Olivier Assayas
Personal Shopper,(2016),6.1,"Drama, Fantasy, Horror",77,105 min,Mary Lambert
Pet Sematary II,(1992),4.9,"Fantasy, Horror",35,100 min,Richard Bates Jr.
Suburban Gothic,(2014),5.6,"Comedy, Horror",49,90 min,Nicolas Pesce
Piercing,(2018),5.6,"Horror, Mystery, Thriller",63,81 min,Barbara Peeters
Humanoids From The Deep,(1980),5.7,"Horror, Sci-Fi",49,80 min,Peter Medak
The Changeling,(1980),7.2,Horror,70,107 min,Alejandro Jodorowsky
Santa Sangre,(1989),7.6,"Drama, Horror, Thriller",NA,123 min,Tiago Mesquita
Among the Shadows,(I) (2019),2.1,"Action, Crime, Drama",NA,96 min,Ron Link
Zombie High,(1987),4.3,"Comedy, Horror",NA,93 min,Daniel Calparsoro
Twin Murders: The Silence of the White City,(2019),5.2,"Action, Adventure, Crime",NA,110 min,John R. Leonetti
Wish Upon,(2017),5.0,"Drama, Fantasy, Horror",32,90 min,Meir Zarchi
I Spit on Your Grave: Deja Vu,(2019),2.3,"Horror, Thriller",NA,148 min,Oz Perkins
I Am the Pretty Thing That Lives in the House,(2016),4.6,"Drama, Horror, Mystery",68,89 min,Babak Anvari
Under the Shadow,(2016),6.9,"Drama, Fantasy, Horror",83,84 min,John Murlowski
Assimilate,(I) (2019),5.3,"Horror, Mystery, Sci-Fi",NA,93 min,Rob Zombie
The Lords of Salem,(2012),5.2,"Horror, Thriller",57,101 min,John Hyams
Universal Soldier: Day of Reckoning,(2012),5.0,"Action, Horror, Mystery",58,114 min,Tobe Hooper
The Texas Chainsaw Massacre Part 2,(1986),5.6,"Comedy, Horror",42,101 min,Fritz Böhm
Wildling,(2018),5.5,"Drama, Fantasy, Horror",58,92 min,Ari Sandel
Goosebumps 2: Haunted Halloween,(2018),5.6,"Adventure, Comedy, Family",53,90 min,Brad Anderson
Session 9,(2001),6.4,"Horror, Mystery",58,97 min,Michael Powell
Peeping Tom,(1960),7.7,"Drama, Horror, Thriller",NA,101 min,Thom Eberhardt
Night of the Comet,(1984),6.4,"Comedy, Horror, Sci-Fi",59,95 min,Jack Heller
Dark Was the Night,(2014),5.6,"Drama, Horror, Thriller",40,90 min,Xavier Gens
Frontier(s),(2007),6.2,Horror,44,108 min,Gregory Plotkin
Paranormal Activity: The Ghost Dimension,(2015),4.6,"Horror, Mystery",30,88 min,Rob Zombie
Halloween II,(2009),4.9,Horror,35,105 min,Rupert Wainwright
The Fog,(2005),3.7,"Horror, Mystery",27,100 min,Franck Khalfoun
Amityville: The Awakening,(2017),4.8,"Horror, Thriller",42,87 min,George Pavlou
Rawhead Rex,(1986),5.3,"Fantasy, Horror, Mystery",NA,89 min,Antti Jokinen
The Resident,(2011),5.3,"Drama, Horror, Mystery",NA,91 min,Shin'ichirô Ueda
One Cut of the Dead,(2017),7.7,"Comedy, Horror",86,96 min,Anvita Dutt
Bulbbul,(2020),6.5,"Drama, Horror, Mystery",NA,94 min,Martin Barnewitz
Kollegiet,(2007),4.4,Horror,NA,91 min,David Blue Garcia
The Texas Chainsaw Massacre,(2021),,Horror,NA,,Nicolas Pesce
The Eyes of My Mother,(2016),6.2,"Drama, Horror",63,76 min,Fred Walton
When a Stranger Calls,(1979),6.5,"Horror, Mystery, Thriller",58,97 min,Ernest R. Dickerson
Tales from the Crypt: Demon Knight,(1995),6.7,"Action, Fantasy, Horror",48,92 min,Karl Holt
Benny Loves You,(2019),7.1,"Comedy, Horror",NA,94 min,Anne Goursaud
Embrace of the Vampire,(1995),4.4,"Horror, Thriller",NA,92 min,Henry Joost
Paranormal Activity 3,(2011),5.8,"Horror, Mystery",59,83 min,William Castle
13 Ghosts,(1960),6.1,"Horror, Mystery",56,85 min,Jennifer Lynch
Chained,(I) (2012),6.4,"Crime, Drama, Horror",NA,94 min,Robert Wise
The Haunting,(1963),7.5,Horror,74,112 min,Wes Craven
Vampire in Brooklyn,(1995),4.6,"Comedy, Fantasy, Horror",27,100 min,Amy Heckerling
Vamps,(2012),5.2,"Comedy, Horror, Romance",57,92 min,Jim Sonzero
Pulse,(I) (2006),4.8,"Horror, Sci-Fi, Thriller",27,90 min,Ernie Barbarash
Abduction,(I) (2019),4.8,"Action, Horror, Sci-Fi",NA,98 min,Stacy Title
The Bye Bye Man,(2017),4.2,"Drama, Fantasy, Horror",37,96 min,Larry Cohen
The Stuff,(1985),5.9,"Comedy, Horror, Sci-Fi",NA,87 min,Leigh Whannell
Wolfman,(II),,Horror,NA,,Juan Piquer Simón
Pieces,(1982),6.1,"Horror, Mystery, Thriller",NA,85 min,William Lustig
Maniac Cop,(1988),6.1,"Action, Crime, Horror",40,85 min,Mark Rosman
The House on Sorority Row,(1982),6.0,"Horror, Mystery, Thriller",50,91 min,Doug Murphy
Constantine: City of Demons - The Movie,(2018),7.4,"Animation, Action, Fantasy",NA,90 min,Tyler Perry
Boo! A Madea Halloween,(2016),4.6,"Comedy, Drama, Horror",30,103 min,Chris Carter
The X-Files: I Want To Believe,(2008),5.9,"Crime, Drama, Horror",47,104 min,
